TICKER,DATE,TYPE,RATE,QUANTITY
INFY.NS,3/24/20,BUY,570,13
INFY.NS,3/24/20,BUY,570,7
MGL.NS,3/24/20,BUY,705,21
TCS.NS,3/24/20,BUY,1710,9
INFY.NS,3/24/20,BUY,570,6
AJANTPHARM.NS,3/25/20,BUY,975,11
APOLLOHOSP.NS,3/25/20,BUY,1080,10
BHARTIARTL.NS,3/25/20,BUY,410,12
CIPLA.NS,3/25/20,BUY,375,40
COLPAL.NS,3/25/20,BUY,1125,10
GOLDBEES.NS,3/25/20,BUY,37,270
HDFCAMC.NS,3/25/20,BUY,2100,5
HDFCLIFE.NS,3/25/20,BUY,415,25
LALPATHLAB.NS,3/25/20,BUY,1365,10
PIIND.NS,3/25/20,BUY,1050,10
SYNGENE.NS,3/25/20,BUY,227,27
SYNGENE.NS,3/25/20,BUY,227,20
TORNTPHARM.NS,3/25/20,BUY,1720,4
UPL.NS,3/25/20,BUY,270,38
BHARTIARTL.NS,3/25/20,BUY,410,13
SYNGENE.NS,3/25/20,BUY,227,20
TORNTPHARM.NS,3/25/20,BUY,1720,2
AARTIIND.NS,3/26/20,BUY,720,14
APOLLOHOSP.NS,3/26/20,SELL,1170,10
BALKRISIND.NS,3/26/20,BUY,815,13
BHARTIARTL.NS,3/26/20,BUY,455,22
BHARTIARTL.NS,3/26/20,SELL,465,22
CIPLA.NS,3/26/20,SELL,384,40
HDFCLIFE.NS,3/26/20,SELL,475,25
IPCALAB.NS,3/26/20,BUY,1250,5
MARICO.NS,3/26/20,BUY,253,40
MGL.NS,3/26/20,SELL,822,10
PERSISTENT.NS,3/26/20,BUY,525,20
PIIND.NS,3/26/20,SELL,1041,10
RELIANCE.NS,3/26/20,BUY,1080,10
RELIANCE.NS,3/26/20,BUY,1055,5
RELIANCE.NS,3/26/20,SELL,1105,10
UPL.NS,3/26/20,SELL,315,38
VINATIORGA.NS,3/26/20,BUY,735,14
IPCALAB.NS,3/26/20,BUY,1250,5
BHARTIARTL.NS,3/27/20,BUY,438,12
BIOCON.NS,3/27/20,BUY,284,36
BSE.NS,3/27/20,BUY,308,33
CRISIL.NS,3/27/20,BUY,1302,4
HDFCAMC.NS,3/27/20,BUY,2150,2
HDFCLIFE.NS,3/27/20,BUY,455,22
MGL.NS,3/27/20,BUY,870,12
MGL.NS,3/27/20,BUY,810,7
MGL.NS,3/27/20,SELL,910,11
PFIZER.NS,3/27/20,BUY,3805,3
RELIANCE.NS,3/27/20,BUY,1052,10
RELIANCE.NS,3/27/20,SELL,1090,5
TCS.NS,3/27/20,BUY,1775,3
TCS.NS,3/27/20,SELL,1798,9
TECHM.NS,3/27/20,BUY,516,20
UPL.NS,3/27/20,BUY,332,32
VINATIORGA.NS,3/27/20,BUY,801,13
VINATIORGA.NS,3/27/20,SELL,835,7
VINATIORGA.NS,3/27/20,SELL,825,7
CRISIL.NS,3/27/20,BUY,1302,4
HDFCAMC.NS,3/27/20,BUY,2150,3
TATAELXSI.NS,3/27/20,BUY,660,16
AJANTPHARM.NS,3/30/20,SELL,1290,11
ALKEM.NS,3/30/20,BUY,2305,3
BAJAJCON.NS,3/30/20,BUY,125,40
CDSL.NS,3/30/20,BUY,205,25
CONTROLPR.NS,3/30/20,BUY,190,27
CYIENT.NS,3/30/20,BUY,218,23
ECLERX.NS,3/30/20,BUY,378,17
GAIL.NS,3/30/20,BUY,70.5,145
GRAPHITE.NS,3/30/20,BUY,118,45
HCLTECH.NS,3/30/20,BUY,425,12
HDFCBANK.NS,3/30/20,BUY,875,6
MOLDTKPAC.NS,3/30/20,BUY,165,31
VINATIORGA.NS,3/30/20,BUY,755,7
VINATIORGA.NS,3/30/20,SELL,790,7
BODALCHEM.NS,3/30/20,BUY,39,130
CADILAHC.NS,3/30/20,BUY,250,40
ECLERX.NS,3/30/20,BUY,378,10
GRAPHITE.NS,3/30/20,BUY,118,40
HCLTECH.NS,3/30/20,BUY,425,12
AARTIDRUGS.NS,3/31/20,BUY,510,5
AARTIDRUGS.NS,3/31/20,BUY,510,5
AARTIDRUGS.NS,3/31/20,BUY,510,10
AJANTPHARM.NS,3/31/20,BUY,1340,4
ALKEM.NS,3/31/20,BUY,2330,2
BHARTIARTL.NS,3/31/20,BUY,435,30
BHARTIARTL.NS,3/31/20,BUY,442,30
BPCL.NS,3/31/20,BUY,300,34
CRISIL.NS,3/31/20,BUY,1250,4
DIVISLAB.NS,3/31/20,BUY,1913,5
GLENMARK.NS,3/31/20,BUY,200,26
HINDPETRO.NS,3/31/20,BUY,190,50
INDOCO.NS,3/31/20,BUY,214,24
INFY.NS,3/31/20,SELL,645,13
IPCALAB.NS,3/31/20,SELL,1390,5
KSCL.NS,3/31/20,BUY,340,30
NIFTYBEES.NS,3/31/20,BUY,92.5,1000
RELIANCE.NS,3/31/20,BUY,1110,10
RELIANCE.NS,3/31/20,SELL,1090,5
RELIANCE.NS,3/31/20,SELL,1120,10
TCS.NS,3/31/20,SELL,1830,3
ULTRACEMCO.NS,3/31/20,BUY,3250,3
AUROPHARMA.NS,3/31/20,BUY,401,26
GLENMARK.NS,3/31/20,BUY,200,26
LUPIN.NS,3/31/20,BUY,580,18
SUNPHARMA.NS,3/31/20,BUY,342,30
AJANTPHARM.NS,4/1/20,BUY,1340,8
ALKEM.NS,4/1/20,BUY,2350,5
CADILAHC.NS,4/1/20,BUY,265,38
CIPLA.NS,4/1/20,BUY,418,25
GLENMARK.NS,4/1/20,BUY,208,55
ITC.NS,4/1/20,BUY,170,60
JUBILANT.NS,4/1/20,BUY,260,12
LUPIN.NS,4/1/20,BUY,585,18
METROPOLIS.NS,4/1/20,BUY,1296,7
RELIANCE.NS,4/1/20,BUY,1090,10
STAR.NS,4/1/20,BUY,330,32
TORNTPHARM.NS,4/1/20,BUY,1950,6
UNICHEMLAB.NS,4/1/20,BUY,143,240
DIVISLAB.NS,4/1/20,BUY,1920,6
DRREDDY.NS,4/1/20,BUY,3085,4
INDOCO.NS,4/1/20,BUY,200,50
JUBILANT.NS,4/1/20,BUY,260,28
SONATSOFTW.NS,4/1/20,BUY,166,65
AJANTPHARM.NS,4/3/20,BUY,1301,8
ALKEM.NS,4/3/20,BUY,2260,2
ALKEM.NS,4/3/20,BUY,2260,3
BATAINDIA.NS,4/3/20,BUY,1190,9
BIOCON.NS,4/3/20,SELL,288,36
CIPLA.NS,4/3/20,SELL,445,12
GAIL.NS,4/3/20,SELL,79,145
GOLDBEES.NS,4/3/20,BUY,39,260
LALPATHLAB.NS,4/3/20,BUY,1338,8
LUPIN.NS,4/3/20,SELL,640,18
PIIND.NS,4/3/20,BUY,1160,9
TECHM.NS,4/3/20,BUY,520,10
TORNTPHARM.NS,4/3/20,SELL,2100,6
TTKPRESTIG.NS,4/3/20,BUY,4510,2
VINATIORGA.NS,4/3/20,BUY,750,14
NATCOPHARM.NS,4/3/20,BUY,503,20
TECHM.NS,4/3/20,BUY,520,10
AJANTPHARM.NS,4/7/20,SELL,1350,4
BAJAJCON.NS,4/7/20,SELL,138,40
BATAINDIA.NS,4/7/20,SELL,1260,9
CIPLA.NS,4/7/20,SELL,460,13
HDFC.NS,4/7/20,BUY,1550,7
HDFCAMC.NS,4/7/20,SELL,2198,5
ICICIBANK.NS,4/7/20,BUY,308,30
IPCALAB.NS,4/7/20,BUY,1510,7
IPCALAB.NS,4/7/20,BUY,1530,7
IPCALAB.NS,4/7/20,BUY,1475,4
ITC.NS,4/7/20,SELL,180,30
ITC.NS,4/7/20,SELL,180,30
KOTAKBANK.NS,4/7/20,BUY,1205,9
KOTAKBANK.NS,4/7/20,SELL,1190,9
LALPATHLAB.NS,4/7/20,SELL,1395,8
METROPOLIS.NS,4/7/20,SELL,1265,7
MGL.NS,4/7/20,SELL,870,12
NIFTYBEES.NS,4/7/20,BUY,92.5,300
NIFTYBEES.NS,4/7/20,BUY,92.1,200
PFIZER.NS,4/7/20,SELL,4280,3
STAR.NS,4/7/20,SELL,325,32
SYNGENE.NS,4/7/20,SELL,265,27
TECHM.NS,4/7/20,SELL,544,20
TTKPRESTIG.NS,4/7/20,SELL,4660,2
UNICHEMLAB.NS,4/7/20,SELL,147,140
VINATIORGA.NS,4/7/20,SELL,794,14
AARTIIND.NS,4/8/20,SELL,905,14
AARTIIND.NS,4/8/20,BUY,840,14
BAJAJCON.NS,4/8/20,BUY,138,75
BALKRISIND.NS,4/8/20,SELL,855,13
BHARATFORG.NS,4/8/20,BUY,240,42
BHARTIARTL.NS,4/8/20,BUY,465,12
BHARTIARTL.NS,4/8/20,SELL,470,12
BHARTIARTL.NS,4/8/20,SELL,488,12
BHARTIARTL.NS,4/8/20,SELL,485,30
BRITANNIA.NS,4/8/20,BUY,2780,4
CADILAHC.NS,4/8/20,SELL,349,38
GODREJCP.NS,4/8/20,BUY,570,18
GODREJCP.NS,4/8/20,BUY,586,18
HDFCLIFE.NS,4/8/20,SELL,480,22
ICICIBANK.NS,4/8/20,SELL,329,30
JUBILANT.NS,4/8/20,BUY,307,33
JYOTHYLAB.NS,4/8/20,BUY,100,100
KSCL.NS,4/8/20,SELL,310,30
LUPIN.NS,4/8/20,BUY,705,15
NIFTYBEES.NS,4/8/20,BUY,93,100
NIFTYBEES.NS,4/8/20,BUY,93,100
NIFTYBEES.NS,4/8/20,SELL,93.8,200
NIFTYBEES.NS,4/8/20,SELL,94.8,300
NIFTYBEES.NS,4/8/20,SELL,95.1,500
PIIND.NS,4/8/20,SELL,1380,9
RELIANCE.NS,4/8/20,SELL,1208,10
SUNPHARMA.NS,4/8/20,BUY,420,24
TATACHEM.NS,4/8/20,BUY,228,45
ULTRACEMCO.NS,4/8/20,SELL,3320,3
UNICHEMLAB.NS,4/8/20,SELL,149,100
UPL.NS,4/8/20,SELL,337,32
VINATIORGA.NS,4/8/20,SELL,812,13
AARTIIND.NS,4/9/20,SELL,909,14
BANDHANBNK.NS,4/9/20,BUY,192,55
BHARATFORG.NS,4/9/20,SELL,239,40
BHARTIARTL.NS,4/9/20,SELL,483,12
BHARTIARTL.NS,4/9/20,SELL,487,30
BRITANNIA.NS,4/9/20,SELL,2795,4
CDSL.NS,4/9/20,SELL,220,25
CONTROLPR.NS,4/9/20,SELL,197,27
CRISIL.NS,4/9/20,SELL,1298,4
GLENMARK.NS,4/9/20,BUY,242,45
GLENMARK.NS,4/9/20,BUY,246,42
HDFCBANK.NS,4/9/20,SELL,915,6
HINDPETRO.NS,4/9/20,SELL,198,50
ICICIPRULI.NS,4/9/20,BUY,337,30
IPCALAB.NS,4/9/20,BUY,1650,7
JYOTHYLAB.NS,4/9/20,BUY,107,100
JYOTHYLAB.NS,4/9/20,BUY,111,100
JYOTHYLAB.NS,4/9/20,SELL,110,100
LALPATHLAB.NS,4/9/20,SELL,1440,10
MGL.NS,4/9/20,SELL,905,7
NIFTYBEES.NS,4/9/20,BUY,94.2,300
NIFTYBEES.NS,4/9/20,SELL,95.5,200
RELIANCE.NS,4/9/20,BUY,1210,9
RELIANCE.NS,4/9/20,SELL,1230,9
RELIANCE.NS,4/9/20,SELL,1223,5
TATACHEM.NS,4/9/20,SELL,235,45
UPL.NS,4/9/20,BUY,325,31
ABBOTINDIA.NS,4/13/20,BUY,17100,1
ACC.NS,4/13/20,BUY,1035,10
AMBUJACEM.NS,4/13/20,BUY,160,65
AMBUJACEM.NS,4/13/20,BUY,171,60
AUROPHARMA.NS,4/13/20,BUY,480,45
BAYERCROP.NS,4/13/20,BUY,3798,3
BHARTIARTL.NS,4/13/20,BUY,500,20
CADILAHC.NS,4/13/20,BUY,359,28
CDSL.NS,4/13/20,BUY,220,50
COLPAL.NS,4/13/20,SELL,1345,10
DRREDDY.NS,4/13/20,BUY,3640,3
GLENMARK.NS,4/13/20,BUY,263,40
GLENMARK.NS,4/13/20,BUY,270,49
GLENMARK.NS,4/13/20,BUY,302,42
GLENMARK.NS,4/13/20,SELL,293,42
GLENMARK.NS,4/13/20,SELL,292,45
GODREJCP.NS,4/13/20,SELL,560,18
GODREJCP.NS,4/13/20,SELL,560,18
GUJGASLTD.NS,4/13/20,BUY,238,45
HDFC.NS,4/13/20,SELL,1720,7
HEXAWARE.NS,4/13/20,BUY,265,40
HINDPETRO.NS,4/13/20,BUY,206,55
JYOTHYLAB.NS,4/13/20,SELL,108,100
LT.NS,4/13/20,BUY,835,6
LT.NS,4/13/20,BUY,835,5
MARICO.NS,4/13/20,SELL,290,40
MGL.NS,4/13/20,BUY,900,12
NATCOPHARM.NS,4/13/20,BUY,625,17
NEWGEN.NS,4/13/20,BUY,125,45
NIFTYBEES.NS,4/13/20,SELL,95,300
POWERGRID.NS,4/13/20,BUY,161,65
TATACHEM.NS,4/13/20,BUY,233,45
TATACONSUM.NS,4/13/20,BUY,308,35
TECHM.NS,4/13/20,BUY,528,20
TORNTPHARM.NS,4/13/20,BUY,2380,5
ULTRACEMCO.NS,4/13/20,BUY,3500,3
MOLDTKPAC.NS,4/13/20,BUY,155,70
NEWGEN.NS,4/13/20,BUY,125,40
ALKEM.NS,4/15/20,SELL,2750,5
ALKEM.NS,4/15/20,SELL,2720,5
ALKEM.NS,4/15/20,BUY,2695,4
AMBUJACEM.NS,4/15/20,SELL,171,60
BANDHANBNK.NS,4/15/20,SELL,199,55
BAYERCROP.NS,4/15/20,SELL,3810,3
BHARATFORG.NS,4/15/20,BUY,247,41
DIVISLAB.NS,4/15/20,SELL,2370,5
GLAXO.NS,4/15/20,BUY,1517,7
GLENMARK.NS,4/15/20,SELL,322,42
GOLDBEES.NS,4/15/20,SELL,43.3,260
GOLDBEES.NS,4/15/20,SELL,43.8,270
HDFCBANK.NS,4/15/20,BUY,896,6
HDFCBANK.NS,4/15/20,BUY,896,6
INDOCO.NS,4/15/20,SELL,253,24
IPCALAB.NS,4/15/20,BUY,1558,7
ITC.NS,4/15/20,BUY,191,53
JUBILANT.NS,4/15/20,SELL,358,33
KNRCON.NS,4/15/20,BUY,195,52
LUPIN.NS,4/15/20,BUY,820,15
LUPIN.NS,4/15/20,SELL,840,15
NBCC.NS,4/15/20,BUY,20.8,500
PNCINFRA.NS,4/15/20,BUY,121,85
TATACONSUM.NS,4/15/20,SELL,308,35
TORNTPHARM.NS,4/15/20,SELL,2430,5
ULTRACEMCO.NS,4/15/20,SELL,3580,3
CIPLA.NS,4/15/20,BUY,590,10
ACC.NS,4/16/20,SELL,1153,10
AJANTPHARM.NS,4/16/20,SELL,1397,8
AMBUJACEM.NS,4/16/20,SELL,174,65
AUROPHARMA.NS,4/16/20,BUY,526,20
COLPAL.NS,4/16/20,BUY,1365,8
DBL.NS,4/16/20,BUY,275,38
GODREJCP.NS,4/16/20,BUY,567,18
GUJGASLTD.NS,4/16/20,SELL,254,45
HEROMOTOCO.NS,4/16/20,BUY,1760,3
HINDPETRO.NS,4/16/20,SELL,215,55
ICICIPRULI.NS,4/16/20,SELL,330,30
KOTAKBANK.NS,4/16/20,BUY,1132,10
LT.NS,4/16/20,BUY,902,12
LT.NS,4/16/20,SELL,918,12
LUPIN.NS,4/16/20,BUY,826,13
LUPIN.NS,4/16/20,SELL,820,15
MARICO.NS,4/16/20,BUY,297,34
PERSISTENT.NS,4/16/20,BUY,497,10
SYNGENE.NS,4/16/20,SELL,280,20
TORNTPHARM.NS,4/16/20,BUY,2340,5
CYIENT.NS,4/16/20,BUY,225,45
PERSISTENT.NS,4/16/20,BUY,497,10
BANDHANBNK.NS,4/17/20,BUY,218,47
BEL.NS,4/17/20,BUY,72,140
BHARTIARTL.NS,4/17/20,SELL,504,20
BPCL.NS,4/17/20,SELL,361,34
CANFINHOME.NS,4/17/20,BUY,305,35
DBL.NS,4/17/20,SELL,275,38
HDFC.NS,4/17/20,BUY,1675,3
HDFC.NS,4/17/20,BUY,1675,3
HEROMOTOCO.NS,4/17/20,SELL,1839,3
KOTAKBANK.NS,4/17/20,SELL,1163,10
LICHSGFIN.NS,4/17/20,BUY,275,37
MGL.NS,4/17/20,SELL,951,6
NIFTYBEES.NS,4/17/20,BUY,98.2,200
POWERGRID.NS,4/17/20,SELL,171,65
REPCOHOME.NS,4/17/20,BUY,119,50
TATACHEM.NS,4/17/20,SELL,254,23
UNICHEMLAB.NS,4/17/20,BUY,150,67
UPL.NS,4/17/20,SELL,370,16
GLENMARK.NS,4/20/20,SELL,308,49
HEXAWARE.NS,4/20/20,SELL,276,40
IPCALAB.NS,4/20/20,SELL,1525,7
IPCALAB.NS,4/20/20,SELL,1521,7
ITC.NS,4/20/20,BUY,181,56
KOTAKBANK.NS,4/20/20,BUY,1215,10
MARICO.NS,4/20/20,SELL,299,34
MGL.NS,4/20/20,SELL,950,6
MOLDTKPAC.NS,4/20/20,SELL,177,31
NIFTYBEES.NS,4/20/20,SELL,98.5,200
NIFTYBEES.NS,4/20/20,SELL,98,100
TATACHEM.NS,4/20/20,SELL,257,22
TORNTPHARM.NS,4/20/20,SELL,2360,5
UPL.NS,4/20/20,SELL,368,15
ACC.NS,4/21/20,BUY,1152,10
AMBUJACEM.NS,4/21/20,BUY,169,60
BHARTIARTL.NS,4/21/20,BUY,483,10
BHARTIARTL.NS,4/21/20,BUY,483,11
HDFCAMC.NS,4/21/20,BUY,2703,4
HEROMOTOCO.NS,4/21/20,BUY,1800,6
JUBILANT.NS,4/21/20,BUY,350,30
KNRCON.NS,4/21/20,SELL,238,52
NIFTYBEES.NS,4/21/20,SELL,96.5,400
RELIANCE.NS,4/21/20,BUY,1230,5
RELIANCE.NS,4/21/20,BUY,1230,5
ACC.NS,4/22/20,SELL,1170,10
APOLLOHOSP.NS,4/22/20,BUY,1330,6
AUROPHARMA.NS,4/22/20,SELL,655,20
BHARATFORG.NS,4/22/20,BUY,254,40
DRREDDY.NS,4/22/20,SELL,4050,3
LALPATHLAB.NS,4/22/20,BUY,1464,7
MARICO.NS,4/22/20,BUY,300,34
MGL.NS,4/22/20,BUY,910,11
NIFTYBEES.NS,4/22/20,BUY,95,200
NIFTYBEES.NS,4/22/20,BUY,95.2,200
AMBUJACEM.NS,4/23/20,SELL,176,30
APOLLOHOSP.NS,4/23/20,SELL,1410,6
BANDHANBNK.NS,4/23/20,SELL,205,47
BANKBEES.NS,4/23/20,SELL,202.2,100
BANKBEES.NS,4/23/20,SELL,203.2,100
BANKBEES.NS,4/23/20,BUY,202.2,100
BANKBEES.NS,4/23/20,BUY,202.5,100
BANKBEES.NS,4/23/20,BUY,203,100
BHARATFORG.NS,4/23/20,SELL,265,40
BHARATFORG.NS,4/23/20,SELL,270,20
COLPAL.NS,4/23/20,SELL,1520,4
GLENMARK.NS,4/23/20,SELL,340,49
GOLDBEES.NS,4/23/20,BUY,42.55,470
HDFCAMC.NS,4/23/20,BUY,2581,4
HEROMOTOCO.NS,4/23/20,SELL,1905,3
HEROMOTOCO.NS,4/23/20,SELL,1882,3
ITC.NS,4/23/20,SELL,183,53
KOTAKBANK.NS,4/23/20,SELL,1190,10
LALPATHLAB.NS,4/23/20,SELL,1495,7
LICHSGFIN.NS,4/23/20,SELL,282,19
MGL.NS,4/23/20,SELL,945,11
NATCOPHARM.NS,4/23/20,SELL,621,17
NBCC.NS,4/23/20,SELL,22.5,500
NIFTYBEES.NS,4/23/20,SELL,98,200
PNCINFRA.NS,4/23/20,SELL,128,85
TORNTPHARM.NS,4/23/20,BUY,2415,4
BANKBEES.NS,4/24/20,SELL,196,100
BRITANNIA.NS,4/24/20,BUY,3003,2
BRITANNIA.NS,4/24/20,BUY,3003,2
CANFINHOME.NS,4/24/20,SELL,297,35
COLPAL.NS,4/24/20,BUY,1480,6
CYIENT.NS,4/24/20,SELL,220,23
DRREDDY.NS,4/24/20,BUY,4010,3
HINDUNILVR.NS,4/24/20,BUY,2290,5
LICHSGFIN.NS,4/24/20,SELL,262,18
LT.NS,4/24/20,BUY,840,12
NIFTYBEES.NS,4/24/20,BUY,97.1,200
NIFTYBEES.NS,4/24/20,BUY,97.1,100
PERSISTENT.NS,4/24/20,SELL,470,20
PGHL.NS,4/24/20,BUY,4165,3
REPCOHOME.NS,4/24/20,SELL,114,50
TATACONSUM.NS,4/24/20,BUY,323,15
TATACONSUM.NS,4/24/20,BUY,323,15
TATACONSUM.NS,4/24/20,BUY,323,16
HDFCAMC.NS,4/27/20,BUY,2340,5
HDFCAMC.NS,4/27/20,SELL,2550,4
HDFCAMC.NS,4/27/20,SELL,2540,4
HDFCBANK.NS,4/27/20,BUY,943,11
IPCALAB.NS,4/27/20,SELL,1602,7
LT.NS,4/27/20,SELL,872,12
RELIANCE.NS,4/27/20,BUY,1430,10
TECHM.NS,4/27/20,SELL,515,20
ALKEM.NS,4/28/20,SELL,2700,4
AMBUJACEM.NS,4/28/20,SELL,178,30
APLLTD.NS,4/28/20,BUY,760,14
AUROPHARMA.NS,4/28/20,SELL,621,45
BHARATFORG.NS,4/28/20,SELL,275,23
COLPAL.NS,4/28/20,SELL,1518,4
COLPAL.NS,4/28/20,SELL,1516,6
GLENMARK.NS,4/28/20,SELL,331,46
HDFCAMC.NS,4/28/20,SELL,2620,5
HDFCBANK.NS,4/28/20,BUY,931,22
HINDUNILVR.NS,4/28/20,BUY,2301,5
HINDUNILVR.NS,4/28/20,SELL,2275,5
JUBILANT.NS,4/28/20,BUY,417,24
JUBILANT.NS,4/28/20,SELL,415,30
LUPIN.NS,4/28/20,SELL,873,13
NIFTYBEES.NS,4/28/20,SELL,99,100
RELIANCE.NS,4/28/20,BUY,1415,10
RELIANCE.NS,4/28/20,BUY,1420,10
RELIANCE.NS,4/28/20,BUY,1435,10
SUNPHARMA.NS,4/28/20,SELL,478,24
TORNTPHARM.NS,4/28/20,SELL,2505,4
LUPIN.NS,4/28/20,BUY,850,12
BAJAJHLDNG.NS,4/29/20,BUY,1980,2
ACC.NS,4/29/20,BUY,1125,5
ACC.NS,4/29/20,BUY,1125,5
ALKEM.NS,4/29/20,BUY,2652,4
BAJAJHLDNG.NS,4/29/20,BUY,1980,3
BAJFINANCE.NS,4/29/20,SELL,2325,5
BAJFINANCE.NS,4/29/20,SELL,2280,5
BAJFINANCE.NS,4/29/20,BUY,2336,5
BAJFINANCE.NS,4/29/20,BUY,2360,5
BANKBEES.NS,4/29/20,SELL,212,100
BANKBEES.NS,4/29/20,BUY,205,100
DRREDDY.NS,4/29/20,BUY,3905,3
HDFC.NS,4/29/20,SELL,1790,3
HDFCAMC.NS,4/29/20,SELL,2507,2
HDFCBANK.NS,4/29/20,SELL,956,11
HDFCBANK.NS,4/29/20,SELL,982,10
HDFCBANK.NS,4/29/20,SELL,978,12
HDFCBANK.NS,4/29/20,SELL,872,6
HINDUNILVR.NS,4/29/20,SELL,2257,5
MARUTI.NS,4/29/20,BUY,5075,1
MARUTI.NS,4/29/20,BUY,5075,1
NIFTYBEES.NS,4/29/20,SELL,101,200
RELIANCE.NS,4/29/20,SELL,1440,20
RELIANCE.NS,4/29/20,SELL,1437,10
TCI.NS,4/29/20,BUY,170,60
AUROPHARMA.NS,4/30/20,BUY,629,16
BEL.NS,4/30/20,SELL,72,140
BIOCON.NS,4/30/20,BUY,355,30
COLPAL.NS,4/30/20,BUY,1461,7
EICHERMOT.NS,4/30/20,BUY,14650,1
HEROMOTOCO.NS,4/30/20,BUY,2075,5
IPCALAB.NS,4/30/20,SELL,1600,7
JUBILANT.NS,4/30/20,BUY,411,25
M&M.NS,4/30/20,BUY,366,14
M&M.NS,4/30/20,BUY,366,14
NIFTYBEES.NS,4/30/20,SELL,102.5,200
RELIANCE.NS,4/30/20,BUY,1440,10
RELIANCE.NS,4/30/20,BUY,1470,10
RELIANCE.NS,4/30/20,SELL,1455,20
SUNPHARMA.NS,4/30/20,BUY,464,22
TORNTPHARM.NS,4/30/20,BUY,2395,5
TORNTPHARM.NS,4/30/20,BUY,2370,5
AARTIIND.NS,5/4/20,BUY,1095,5
DRREDDY.NS,5/4/20,SELL,3963,3
GLENMARK.NS,5/4/20,BUY,345,30
HDFC.NS,5/4/20,BUY,1748,3
HDFCBANK.NS,5/4/20,BUY,935,6
MCDOWELL-N.NS,5/4/20,BUY,543,20
MGL.NS,5/4/20,BUY,947,6
NAVINFLUOR.NS,5/4/20,BUY,1550,4
NAVINFLUOR.NS,5/4/20,BUY,1525,4
OIL.NS,5/4/20,BUY,94.5,110
ONGC.NS,5/4/20,BUY,76.7,135
PIIND.NS,5/4/20,BUY,1531,4
PIIND.NS,5/4/20,BUY,1510,7
TATACHEM.NS,5/4/20,BUY,280,18
TATACHEM.NS,5/4/20,BUY,280,18
TORNTPHARM.NS,5/4/20,SELL,2390,5
TORNTPHARM.NS,5/4/20,SELL,2390,5
UPL.NS,5/4/20,BUY,394,15
VINATIORGA.NS,5/4/20,BUY,942,6
DEEPAKNTR.NS,5/4/20,BUY,480,11
AMBUJACEM.NS,5/5/20,BUY,166,31
AMBUJACEM.NS,5/5/20,BUY,166,31
CADILAHC.NS,5/5/20,BUY,335,30
HEROMOTOCO.NS,5/5/20,BUY,2010,5
HEROMOTOCO.NS,5/5/20,SELL,1962,5
MARUTI.NS,5/5/20,BUY,4890,1
NIFTYBEES.NS,5/5/20,BUY,100.1,200
NIFTYBEES.NS,5/5/20,BUY,99.2,200
PIIND.NS,5/5/20,SELL,1533,4
TORNTPHARM.NS,5/5/20,BUY,2390,5
AARTIDRUGS.NS,5/6/20,SELL,719,10
AARTIIND.NS,5/6/20,BUY,1123,5
ALKEM.NS,5/6/20,SELL,2703,4
APLLTD.NS,5/6/20,SELL,774,14
BANKBEES.NS,5/6/20,BUY,195,150
BANKBEES.NS,5/6/20,BUY,195,50
BHARATFORG.NS,5/6/20,BUY,276,12
BHARTIARTL.NS,5/6/20,SELL,542,11
HEROMOTOCO.NS,5/6/20,BUY,1950,3
HINDUNILVR.NS,5/6/20,BUY,2040,5
HINDUNILVR.NS,5/6/20,BUY,2025,5
JUBILANT.NS,5/6/20,BUY,369,28
NIFTYBEES.NS,5/6/20,BUY,97.1,100
NIFTYBEES.NS,5/6/20,BUY,97.2,200
NIFTYBEES.NS,5/6/20,BUY,98,100
OIL.NS,5/6/20,SELL,94.5,110
ONGC.NS,5/6/20,SELL,79.7,135
PGHL.NS,5/6/20,SELL,4220,3
TORNTPHARM.NS,5/6/20,SELL,2324,5
UPL.NS,5/6/20,BUY,376,15
HDFCLIFE.NS,5/6/20,BUY,476,12
AARTIIND.NS,5/7/20,BUY,1076,5
ACC.NS,5/7/20,SELL,1188,5
AMBUJACEM.NS,5/7/20,SELL,168,31
CADILAHC.NS,5/7/20,BUY,326,35
DIVISLAB.NS,5/7/20,BUY,2250,4
HCLTECH.NS,5/7/20,SELL,530,12
HDFC.NS,5/7/20,BUY,1722,3
HINDUNILVR.NS,5/7/20,BUY,1935,2
HINDUNILVR.NS,5/7/20,BUY,1935,3
HINDUNILVR.NS,5/7/20,SELL,1945,5
HINDUNILVR.NS,5/7/20,SELL,1920,5
M&M.NS,5/7/20,SELL,390,14
NAVINFLUOR.NS,5/7/20,BUY,1502,6
NIFTYBEES.NS,5/7/20,SELL,98,100
TATACONSUM.NS,5/7/20,SELL,335,15
APLLTD.NS,5/8/20,BUY,788,6
AARTIIND.NS,5/8/20,SELL,1090,5
AARTIIND.NS,5/8/20,BUY,1060,5
APLLTD.NS,5/8/20,BUY,788,7
BAJAJCON.NS,5/8/20,SELL,142,75
BANKBEES.NS,5/8/20,SELL,197,50
BIOCON.NS,5/8/20,SELL,356,30
GLENMARK.NS,5/8/20,SELL,337,30
JUBILANT.NS,5/8/20,SELL,385,24
MARUTI.NS,5/8/20,SELL,4770,1
MGL.NS,5/8/20,BUY,870,6
N100.NS,5/8/20,BUY,681,15
NAVINFLUOR.NS,5/8/20,BUY,1426,2
NAVINFLUOR.NS,5/8/20,BUY,1426,2
PFIZER.NS,5/8/20,BUY,4610,2
MGL.NS,5/8/20,BUY,870,6
AARTIIND.NS,5/11/20,BUY,1020,10
BANKBEES.NS,5/11/20,SELL,196.4,50
BANKBEES.NS,5/11/20,SELL,195.2,100
BRITANNIA.NS,5/11/20,SELL,3050,2
DRREDDY.NS,5/11/20,BUY,3865,3
EICHERMOT.NS,5/11/20,SELL,14470,1
HEROMOTOCO.NS,5/11/20,SELL,2100,5
HINDUNILVR.NS,5/11/20,SELL,2100,2
ITC.NS,5/11/20,BUY,161,30
ITC.NS,5/11/20,BUY,161,25
M&M.NS,5/11/20,SELL,392,14
MARICO.NS,5/11/20,SELL,304,34
MARUTI.NS,5/11/20,SELL,5000,1
NAVINFLUOR.NS,5/11/20,SELL,1470,4
NIFTYBEES.NS,5/11/20,SELL,99,100
NIFTYBEES.NS,5/11/20,SELL,99.6,100
NIFTYBEES.NS,5/11/20,SELL,99,200
NIFTYBEES.NS,5/11/20,SELL,98.5,100
RELIANCE.NS,5/11/20,SELL,1600,10
RELIANCE.NS,5/11/20,SELL,1586,5
TATACHEM.NS,5/11/20,SELL,291,18
ITC.NS,5/11/20,BUY,161,8
AARTIIND.NS,5/12/20,SELL,1055,5
BANKBEES.NS,5/12/20,BUY,190,100
BANKBEES.NS,5/12/20,BUY,190.3,100
HDFCLIFE.NS,5/12/20,BUY,524,10
HEROMOTOCO.NS,5/12/20,BUY,2095,5
HINDUNILVR.NS,5/12/20,BUY,2010,3
HINDUNILVR.NS,5/12/20,BUY,2003,5
JUBILANT.NS,5/12/20,SELL,400,25
NIFTYBEES.NS,5/12/20,BUY,97.2,100
NIFTYBEES.NS,5/12/20,BUY,97.2,100
NIFTYBEES.NS,5/12/20,SELL,96.9,200
PIIND.NS,5/12/20,BUY,1530,6
RELIANCE.NS,5/12/20,SELL,1535,5
TORNTPHARM.NS,5/12/20,BUY,2450,4
UNICHEMLAB.NS,5/12/20,BUY,131,40
NAVINFLUOR.NS,5/12/20,BUY,1401,4
ABBOTINDIA.NS,5/13/20,SELL,18050,1
BAJFINANCE.NS,5/13/20,BUY,2180,5
BANDHANBNK.NS,5/13/20,SELL,252,50
BANDHANBNK.NS,5/13/20,BUY,250,50
BANKBEES.NS,5/13/20,SELL,198,200
BANKBEES.NS,5/13/20,BUY,200.2,100
BANKBEES.NS,5/13/20,BUY,199,100
BANKBEES.NS,5/13/20,BUY,198.5,100
BANKBEES.NS,5/13/20,BUY,198.6,100
BHARATFORG.NS,5/13/20,SELL,284,12
BRITANNIA.NS,5/13/20,SELL,3126,2
BSE.NS,5/13/20,SELL,390,33
CADILAHC.NS,5/13/20,SELL,326,28
CDSL.NS,5/13/20,SELL,220,50
HDFC.NS,5/13/20,SELL,1713,3
HINDUNILVR.NS,5/13/20,SELL,2035,5
MGL.NS,5/13/20,SELL,915,6
NAVINFLUOR.NS,5/13/20,SELL,1470,6
NAVINFLUOR.NS,5/13/20,SELL,1460,6
PIIND.NS,5/13/20,SELL,1540,6
TATACHEM.NS,5/13/20,SELL,304,18
UPL.NS,5/13/20,SELL,389,15
APLLTD.NS,5/14/20,SELL,844,7
ASIANPAINT.NS,5/14/20,BUY,1542,4
AUROPHARMA.NS,5/14/20,SELL,677,16
CADILAHC.NS,5/14/20,SELL,340,30
COLPAL.NS,5/14/20,BUY,1335,8
GODREJCP.NS,5/14/20,BUY,546,10
GODREJCP.NS,5/14/20,BUY,546,10
HINDUNILVR.NS,5/14/20,BUY,2020,5
NIFTYBEES.NS,5/14/20,SELL,98.1,100
RELIANCE.NS,5/14/20,BUY,1480,4
RELIANCE.NS,5/14/20,BUY,1440,4
TORNTPHARM.NS,5/14/20,BUY,2405,4
ACC.NS,5/15/20,SELL,1998,5
ALKEM.NS,5/15/20,BUY,2490,4
AMBUJACEM.NS,5/15/20,SELL,182.6,31
ASIANPAINT.NS,5/15/20,BUY,1524,4
BANKBEES.NS,5/15/20,SELL,190.2,200
DRREDDY.NS,5/15/20,BUY,3750,3
HINDUNILVR.NS,5/15/20,BUY,2025,5
INDIACEM.NS,5/15/20,BUY,109,50
INDIACEM.NS,5/15/20,BUY,109,50
PFIZER.NS,5/15/20,BUY,4370,2
PIDILITIND.NS,5/15/20,BUY,1361,4
RELIANCE.NS,5/15/20,SELL,1440,8
SIEMENS.NS,5/15/20,BUY,1075,5
SIEMENS.NS,5/15/20,BUY,1075,5
SRF.NS,5/15/20,BUY,3750,3
UNICHEMLAB.NS,5/15/20,BUY,137,76
AMARAJABAT.NS,5/18/20,BUY,575,5
BHARATFORG.NS,5/18/20,BUY,277,10
AARTIIND.NS,5/18/20,BUY,1005,10
AMARAJABAT.NS,5/18/20,BUY,575,5
AMARAJABAT.NS,5/18/20,BUY,575,10
ASIANPAINT.NS,5/18/20,BUY,1505,3
BAJFINANCE.NS,5/18/20,BUY,2030,3
BHARATFORG.NS,5/18/20,BUY,277,9
BHARATFORG.NS,5/18/20,BUY,277,18
COLPAL.NS,5/18/20,SELL,1370,7
DRREDDY.NS,5/18/20,BUY,3660,3
DRREDDY.NS,5/18/20,BUY,3680,3
JYOTHYLAB.NS,5/18/20,SELL,101,100
KSCL.NS,5/18/20,BUY,378,14
PIIND.NS,5/18/20,BUY,1426,3
RELIANCE.NS,5/18/20,BUY,1470,4
RELIANCE.NS,5/18/20,BUY,1442,4
SRF.NS,5/18/20,BUY,3450,2
SRTRANSFIN.NS,5/18/20,BUY,585,10
TORNTPHARM.NS,5/18/20,SELL,2520,4
VINATIORGA.NS,5/18/20,BUY,936,6
KSCL.NS,5/18/20,BUY,378,14
PIIND.NS,5/18/20,BUY,1426,7
VINATIORGA.NS,5/18/20,BUY,936,5
AARTIIND.NS,5/19/20,SELL,1024,10
BANKBEES.NS,5/19/20,SELL,178.5,100
BHARATFORG.NS,5/19/20,SELL,277,18
BHARTIARTL.NS,5/19/20,SELL,590,10
EICHERMOT.NS,5/19/20,BUY,16780,1
HDFCBANK.NS,5/19/20,BUY,842,6
HINDUNILVR.NS,5/19/20,SELL,1978,3
ITC.NS,5/19/20,SELL,170.2,56
KOTAKBANK.NS,5/19/20,BUY,1140,5
NAVINFLUOR.NS,5/19/20,SELL,1503,2
PIIND.NS,5/19/20,SELL,1490,7
RELIANCE.NS,5/19/20,SELL,1443,4
RELIANCE.NS,5/19/20,SELL,1420,4
SRTRANSFIN.NS,5/19/20,SELL,613,10
TORNTPHARM.NS,5/19/20,SELL,2495,4
SRF.NS,5/19/20,BUY,3320,3
UPL.NS,5/19/20,BUY,350,15
ABBOTINDIA.NS,5/20/20,BUY,16630,1
BAJFINANCE.NS,5/20/20,SELL,1980,5
BAJFINANCE.NS,5/20/20,SELL,1995,3
BANKBEES.NS,5/20/20,SELL,177,100
BHARTIARTL.NS,5/20/20,BUY,590,10
BHARTIARTL.NS,5/20/20,BUY,601,10
DRREDDY.NS,5/20/20,SELL,3873,3
HDFCBANK.NS,5/20/20,SELL,844,6
HDFCBANK.NS,5/20/20,BUY,862,6
HEROMOTOCO.NS,5/20/20,BUY,2018,5
NIFTYBEES.NS,5/20/20,SELL,96,100
STAR.NS,5/20/20,BUY,425,25
ASIANPAINT.NS,5/21/20,SELL,1532,4
AXISBANK.NS,5/21/20,BUY,363,30
AXISBANK.NS,5/21/20,SELL,360,30
BHARTIARTL.NS,5/21/20,BUY,602,15
COLPAL.NS,5/21/20,BUY,1290,8
DRREDDY.NS,5/21/20,BUY,3860,3
GODREJCP.NS,5/21/20,SELL,575,18
HDFCBANK.NS,5/21/20,SELL,873,12
HDFCBANK.NS,5/21/20,BUY,862,6
HEROMOTOCO.NS,5/21/20,SELL,2093,3
HEROMOTOCO.NS,5/21/20,SELL,2105,5
HINDUNILVR.NS,5/21/20,SELL,1965,10
ICICIBANK.NS,5/21/20,SELL,306,35
ICICIBANK.NS,5/21/20,BUY,306,35
KOTAKBANK.NS,5/21/20,SELL,1175,5
KOTAKBANK.NS,5/21/20,SELL,1157,10
KOTAKBANK.NS,5/21/20,BUY,1167,10
N100.NS,5/21/20,SELL,700,15
SRF.NS,5/21/20,SELL,3440,3
VINATIORGA.NS,5/21/20,SELL,980,6
BANDHANBNK.NS,5/22/20,BUY,200,5
ASIANPAINT.NS,5/22/20,SELL,1577,4
BANDHANBNK.NS,5/22/20,BUY,200,5
BANDHANBNK.NS,5/22/20,BUY,200,15
BANKBEES.NS,5/22/20,SELL,177,100
BANKBEES.NS,5/22/20,BUY,176.5,100
COLPAL.NS,5/22/20,SELL,1335,8
DEEPAKNTR.NS,5/22/20,BUY,490,12
FINPIPE.NS,5/22/20,BUY,401,12
HDFCLIFE.NS,5/22/20,BUY,496,21
HEROMOTOCO.NS,5/22/20,BUY,2105,3
HINDUNILVR.NS,5/22/20,BUY,1975,3
HINDUNILVR.NS,5/22/20,BUY,1985,3
HINDUNILVR.NS,5/22/20,BUY,1987,3
ICICIPRULI.NS,5/22/20,BUY,338,15
ITC.NS,5/22/20,SELL,187,30
KOTAKBANK.NS,5/22/20,BUY,1138,5
KOTAKBANK.NS,5/22/20,BUY,1138,5
MARICO.NS,5/22/20,BUY,315,16
MCDOWELL-N.NS,5/22/20,SELL,608,20
RELIANCE.NS,5/22/20,BUY,1440,4
SRF.NS,5/22/20,BUY,3375,3
TATACHEM.NS,5/22/20,BUY,294,17
TATACHEM.NS,5/22/20,BUY,294,18
FINPIPE.NS,5/22/20,BUY,401,13
HDFC.NS,5/22/20,BUY,1515,4
HDFCBANK.NS,5/22/20,BUY,837,6
ICICIPRULI.NS,5/22/20,BUY,338,15
AMARAJABAT.NS,5/26/20,SELL,600,10
BANKBEES.NS,5/26/20,BUY,176.4,100
CADILAHC.NS,5/26/20,SELL,346,35
COLPAL.NS,5/26/20,SELL,1281,8
DRREDDY.NS,5/26/20,SELL,3912,3
GMMPFAUDLR.NS,5/26/20,BUY,3420,1
HDFC.NS,5/26/20,SELL,1537,3
HDFC.NS,5/26/20,SELL,1498,3
HDFC.NS,5/26/20,BUY,1505,10
HDFCBANK.NS,5/26/20,SELL,862,6
HDFCLIFE.NS,5/26/20,SELL,510,10
KOTAKBANK.NS,5/26/20,SELL,1157,5
NEWGEN.NS,5/26/20,SELL,149,45
SRF.NS,5/26/20,SELL,3404,2
TCI.NS,5/26/20,SELL,150,60
TORNTPHARM.NS,5/26/20,SELL,2590,4
ALKEM.NS,5/27/20,BUY,2225,6
ALKEM.NS,5/27/20,BUY,2300,5
ALKEM.NS,5/27/20,BUY,2328,5
ASIANPAINT.NS,5/27/20,SELL,1602,3
BALKRISIND.NS,5/27/20,BUY,1042,5
BALKRISIND.NS,5/27/20,BUY,1042,5
BANKBEES.NS,5/27/20,SELL,177,100
BANKBEES.NS,5/27/20,BUY,179.1,100
BHARTIARTL.NS,5/27/20,BUY,561,20
BHARTIARTL.NS,5/27/20,BUY,562,20
EICHERMOT.NS,5/27/20,BUY,14820,1
HDFC.NS,5/27/20,SELL,1502,10
HDFCBANK.NS,5/27/20,BUY,890,10
HDFCBANK.NS,5/27/20,BUY,890,10
HINDUNILVR.NS,5/27/20,SELL,1980,6
IGL.NS,5/27/20,BUY,472,22
SRTRANSFIN.NS,5/27/20,BUY,550,10
SRTRANSFIN.NS,5/27/20,BUY,550,10
SRTRANSFIN.NS,5/27/20,BUY,556,20
ALKEM.NS,5/28/20,SELL,2330,4
BANKBEES.NS,5/28/20,SELL,192,100
BANKBEES.NS,5/28/20,BUY,191.2,100
COLPAL.NS,5/28/20,BUY,1292,4
COLPAL.NS,5/28/20,BUY,1292,4
DABUR.NS,5/28/20,BUY,435,24
DRREDDY.NS,5/28/20,SELL,3875,3
DRREDDY.NS,5/28/20,SELL,3887,3
EICHERMOT.NS,5/28/20,SELL,16300,1
HDFCBANK.NS,5/28/20,SELL,940,10
HEROMOTOCO.NS,5/28/20,SELL,2182,3
HEROMOTOCO.NS,5/28/20,SELL,2310,2
KRBL.NS,5/28/20,BUY,180,28
LT.NS,5/28/20,SELL,895,6
MARUTI.NS,5/28/20,SELL,5304,1
MGL.NS,5/28/20,SELL,937,6
MOLDTKPAC.NS,5/28/20,BUY,175,60
SRTRANSFIN.NS,5/28/20,SELL,563,20
SRTRANSFIN.NS,5/28/20,SELL,566,10
TORNTPHARM.NS,5/28/20,BUY,2360,3
UNICHEMLAB.NS,5/28/20,BUY,126,40
UPL.NS,5/28/20,SELL,398,15
WHIRLPOOL.NS,5/28/20,BUY,1905,5
KRBL.NS,5/28/20,BUY,180,28
SUNPHARMA.NS,5/28/20,BUY,448,23
BEL.NS,5/29/20,BUY,68.6,75
BEL.NS,5/29/20,BUY,68.6,75
DRREDDY.NS,5/29/20,SELL,3985,3
DRREDDY.NS,5/29/20,SELL,4085,3
DRREDDY.NS,5/29/20,BUY,4015,3
EICHERMOT.NS,5/29/20,SELL,16730,1
EICHERMOT.NS,5/29/20,BUY,16860,1
HDFCBANK.NS,5/29/20,SELL,927,10
HDFCBANK.NS,5/29/20,SELL,924,10
HDFCBANK.NS,5/29/20,BUY,933,10
HINDUNILVR.NS,5/29/20,BUY,2022,5
HINDUNILVR.NS,5/29/20,BUY,2030,5
IDEA.NS,5/29/20,BUY,7.1,750
IDEA.NS,5/29/20,BUY,7.1,750
IGL.NS,5/29/20,SELL,472,22
LT.NS,5/29/20,SELL,931,6
LT.NS,5/29/20,BUY,902,4
LT.NS,5/29/20,BUY,902,6
RELIANCE.NS,5/29/20,BUY,1463,3
RELIANCE.NS,5/29/20,BUY,1463,3
RELIANCE.NS,5/29/20,BUY,1463,1
SIEMENS.NS,5/29/20,SELL,1090,5
SRTRANSFIN.NS,5/29/20,SELL,552,10
UNICHEMLAB.NS,5/29/20,BUY,128,50
VINATIORGA.NS,5/29/20,SELL,1020,6
RELIANCE.NS,5/29/20,BUY,1463,3
UNICHEMLAB.NS,5/29/20,BUY,128,50
BALKRISIND.NS,6/1/20,SELL,1113,5
BANKBEES.NS,6/1/20,SELL,202.1,50
BANKBEES.NS,6/1/20,SELL,201.9,50
BEL.NS,6/1/20,SELL,70.4,75
BHARTIARTL.NS,6/1/20,BUY,556,30
HDFCBANK.NS,6/1/20,SELL,985,6
HEROMOTOCO.NS,6/1/20,SELL,2375,3
HINDUNILVR.NS,6/1/20,SELL,2095,5
HINDUNILVR.NS,6/1/20,SELL,2110,3
HINDUNILVR.NS,6/1/20,SELL,2100,2
ICICIPRULI.NS,6/1/20,SELL,392,15
IDEA.NS,6/1/20,SELL,6.7,750
IPCALAB.NS,6/1/20,BUY,1515,7
KOTAKBANK.NS,6/1/20,SELL,1256,5
KSCL.NS,6/1/20,SELL,412,14
LT.NS,6/1/20,SELL,962,4
MARICO.NS,6/1/20,SELL,348,16
RELIANCE.NS,6/1/20,BUY,1512,7
RELIANCE.NS,6/1/20,SELL,1495,4
RELIANCE.NS,6/1/20,SELL,1523,7
SRF.NS,6/1/20,SELL,3680,3
SUNPHARMA.NS,6/1/20,SELL,474,22
TATACHEM.NS,6/1/20,SELL,313,17
TATACONSUM.NS,6/1/20,SELL,363,15
WHIRLPOOL.NS,6/1/20,SELL,1995,5
ALKEM.NS,6/2/20,SELL,2400,5
BEL.NS,6/2/20,SELL,69.8,75
COLPAL.NS,6/2/20,SELL,1386,4
GODREJCP.NS,6/2/20,SELL,640,10
RELIANCE.NS,6/2/20,SELL,1530,3
SIEMENS.NS,6/2/20,SELL,1130,5
AARTIIND.NS,6/3/20,BUY,970,10
BAJAJHLDNG.NS,6/3/20,SELL,2285,3
GMMPFAUDLR.NS,6/3/20,SELL,4030,1
HINDUNILVR.NS,6/3/20,SELL,2122,10
HINDUNILVR.NS,6/3/20,BUY,2125,10
HINDUNILVR.NS,6/3/20,BUY,2138,10
PIIND.NS,6/3/20,SELL,1557,3
AARTIIND.NS,6/4/20,BUY,898,11
DRREDDY.NS,6/4/20,SELL,4000,3
HEROMOTOCO.NS,6/4/20,BUY,2314,3
KRBL.NS,6/4/20,SELL,209,28
PFIZER.NS,6/4/20,BUY,4141,3
CDSL.NS,6/5/20,BUY,262,20
DABUR.NS,6/5/20,SELL,464,24
HEROMOTOCO.NS,6/5/20,SELL,2330,3
HINDUNILVR.NS,6/5/20,SELL,2090,10
HINDUNILVR.NS,6/5/20,SELL,2085,6
MAYURUNIQ.NS,6/5/20,BUY,170,60
NILKAMAL.NS,6/5/20,BUY,1104,5
STAR.NS,6/5/20,SELL,418,25
UNICHEMLAB.NS,6/5/20,SELL,137,67
AARTIIND.NS,6/8/20,BUY,930,11
BALKRISIND.NS,6/8/20,SELL,1156,5
COLPAL.NS,6/8/20,SELL,1352,4
HINDUNILVR.NS,6/8/20,BUY,2089,5
HINDUNILVR.NS,6/8/20,BUY,2089,5
IPCALAB.NS,6/8/20,BUY,1520,7
JUBILANT.NS,6/8/20,SELL,590,40
RELAXO.NS,6/8/20,BUY,715,10
DMART.NS,6/9/20,BUY,2293,4
EXIDEIND.NS,6/9/20,BUY,158,65
EXIDEIND.NS,6/9/20,BUY,159,65
FINPIPE.NS,6/9/20,SELL,473,12
HDFCBANK.NS,6/9/20,BUY,1007,10
HINDUNILVR.NS,6/9/20,BUY,2119,5
HINDUNILVR.NS,6/9/20,BUY,2126,5
MOLDTKPAC.NS,6/9/20,SELL,192,60
RELAXO.NS,6/9/20,BUY,684,15
TITAN.NS,6/9/20,BUY,1001,5
NAVINFLUOR.NS,6/9/20,BUY,1540,4
APLLTD.NS,6/10/20,BUY,821,7
APLLTD.NS,6/10/20,BUY,822,13
APLLTD.NS,6/10/20,BUY,821,6
BHARTIARTL.NS,6/10/20,SELL,574,15
BHARTIARTL.NS,6/10/20,SELL,573,10
DMART.NS,6/10/20,SELL,2294,4
EXIDEIND.NS,6/10/20,SELL,158,65
EXIDEIND.NS,6/10/20,SELL,159,65
GODREJCP.NS,6/10/20,SELL,641,10
HDFCBANK.NS,6/10/20,SELL,997,10
HINDUNILVR.NS,6/10/20,SELL,2121,10
KRBL.NS,6/10/20,BUY,240,22
LT.NS,6/10/20,SELL,945,5
MAYURUNIQ.NS,6/10/20,SELL,172,60
NAVINFLUOR.NS,6/10/20,BUY,1575,6
NILKAMAL.NS,6/10/20,SELL,1082,5
PIDILITIND.NS,6/10/20,SELL,1477,4
RELAXO.NS,6/10/20,SELL,680,10
RELIANCE.NS,6/10/20,SELL,1552,3
RELIANCE.NS,6/10/20,BUY,1560,7
TITAN.NS,6/10/20,SELL,1007,5
UNICHEMLAB.NS,6/10/20,SELL,150,76
ABBOTINDIA.NS,6/11/20,BUY,16370,1
BANKBEES.NS,6/11/20,SELL,210.7,100
BANKBEES.NS,6/11/20,BUY,211.2,100
EXIDEIND.NS,6/11/20,SELL,152,65
EXIDEIND.NS,6/11/20,BUY,161,65
GAIL.NS,6/11/20,SELL,96.4,100
GAIL.NS,6/11/20,BUY,101.8,100
HINDUNILVR.NS,6/11/20,SELL,2104,5
IDEA.NS,6/11/20,SELL,9.5,500
IDEA.NS,6/11/20,BUY,10.8,500
IDFCFIRSTB.NS,6/11/20,SELL,24.8,500
IDFCFIRSTB.NS,6/11/20,BUY,26.6,500
INDUSINDBK.NS,6/11/20,BUY,515,20
NESTLEIND.NS,6/11/20,BUY,16750,1
PIIND.NS,6/11/20,BUY,1616,10
TECHM.NS,6/11/20,SELL,584,10
UNICHEMLAB.NS,6/11/20,SELL,175,40
UNICHEMLAB.NS,6/11/20,SELL,175,40
UNICHEMLAB.NS,6/11/20,SELL,170,50
GOLDBEES.NS,6/11/20,BUY,41.6,250
GOLDBEES.NS,6/11/20,BUY,41.8,250
BHARTIARTL.NS,6/12/20,BUY,551,20
DEEPAKNTR.NS,6/12/20,BUY,475,11
ASTRAZEN.NS,6/12/20,BUY,3202,3
BAJAJHLDNG.NS,6/12/20,BUY,2292,5
BRITANNIA.NS,6/12/20,BUY,3380,3
IEX.NS,6/12/20,BUY,169,30
JBCHEPHARM.NS,6/12/20,BUY,687,17
KOTAKBANK.NS,6/12/20,BUY,1285,10
N100.NS,6/12/20,BUY,717,14
NAVINFLUOR.NS,6/12/20,BUY,1570,7
RELIANCE.NS,6/12/20,BUY,1555,4
RELIANCE.NS,6/12/20,BUY,1515,4
IEX.NS,6/12/20,BUY,169,30
AARTIIND.NS,6/15/20,BUY,860,15
ABBOTINDIA.NS,6/15/20,BUY,16100,1
DMART.NS,6/15/20,BUY,2360,5
INDUSINDBK.NS,6/15/20,SELL,515,20
IPCALAB.NS,6/15/20,SELL,1595,7
RELIANCE.NS,6/15/20,BUY,1620,10
UNICHEMLAB.NS,6/15/20,BUY,156,35
UNICHEMLAB.NS,6/15/20,BUY,156,40
APLLTD.NS,6/16/20,SELL,925,13
BRITANNIA.NS,6/16/20,SELL,3380,3
EICHERMOT.NS,6/16/20,BUY,16780,1
HEROMOTOCO.NS,6/16/20,BUY,2385,10
IPCALAB.NS,6/16/20,SELL,1615,7
KOTAKBANK.NS,6/16/20,SELL,1270,10
NIFTYBEES.NS,6/16/20,SELL,103.9,200
NIFTYBEES.NS,6/16/20,BUY,104.3,200
AARTIIND.NS,6/17/20,SELL,948,10
BRITANNIA.NS,6/17/20,BUY,3365,3
EICHERMOT.NS,6/17/20,SELL,16580,1
HDFCBANK.NS,6/17/20,BUY,975,10
HEROMOTOCO.NS,6/17/20,SELL,2350,10
IDEA.NS,6/17/20,BUY,9.7,500
NAVINFLUOR.NS,6/17/20,SELL,1618,7
UNICHEMLAB.NS,6/17/20,SELL,170,35
BANKBEES.NS,6/18/20,BUY,207.6,100
BANKBEES.NS,6/18/20,BUY,208.5,100
HDFCAMC.NS,6/18/20,BUY,2410,4
HDFCBANK.NS,6/18/20,BUY,1012,10
INDIACEM.NS,6/18/20,SELL,132,50
IPCALAB.NS,6/18/20,SELL,1585,4
ITC.NS,6/18/20,BUY,186,27
KRBL.NS,6/18/20,SELL,252,22
SHILPAMED.NS,6/18/20,BUY,523,10
SHILPAMED.NS,6/18/20,BUY,523,10
APLLTD.NS,6/19/20,SELL,936,6
BANKBEES.NS,6/19/20,SELL,212,100
BANKBEES.NS,6/19/20,SELL,215,100
HDFCBANK.NS,6/19/20,SELL,1033,10
HINDUNILVR.NS,6/19/20,BUY,2075,5
HINDUNILVR.NS,6/19/20,BUY,2075,5
HINDUNILVR.NS,6/19/20,BUY,2082,10
LALPATHLAB.NS,6/19/20,BUY,1544,7
PIIND.NS,6/19/20,BUY,1525,7
RELIANCE.NS,6/19/20,SELL,1670,5
RELIANCE.NS,6/19/20,SELL,1680,5
RELIANCE.NS,6/19/20,SELL,1760,4
FIEMIND.NS,6/22/20,BUY,340,15
AARTIIND.NS,6/22/20,SELL,973,20
BHARTIARTL.NS,6/22/20,SELL,575,30
DEEPAKNTR.NS,6/22/20,SELL,505,12
EICHERMOT.NS,6/22/20,SELL,17570,1
FIEMIND.NS,6/22/20,BUY,340,15
GLENMARK.NS,6/22/20,SELL,536,26
HINDUNILVR.NS,6/22/20,SELL,2100,10
ITC.NS,6/22/20,SELL,184,27
N100.NS,6/22/20,SELL,752,14
NAVINFLUOR.NS,6/22/20,SELL,1590,6
RELIANCE.NS,6/22/20,SELL,1766,7
COROMANDEL.NS,6/23/20,BUY,727,14
DRREDDY.NS,6/23/20,BUY,4100,4
GLAXO.NS,6/23/20,SELL,1505,7
GLENMARK.NS,6/23/20,SELL,477,10
GLENMARK.NS,6/23/20,BUY,486,10
HEROMOTOCO.NS,6/23/20,BUY,2418,5
HINDUNILVR.NS,6/23/20,BUY,2128,5
HINDUNILVR.NS,6/23/20,BUY,2128,5
IDEA.NS,6/23/20,SELL,10.3,500
MOLDTKPAC.NS,6/23/20,BUY,209,50
RELIANCE.NS,6/23/20,BUY,1725,5
SBIN.NS,6/23/20,BUY,189,60
SHILPAMED.NS,6/23/20,SELL,557,10
TATACONSUM.NS,6/23/20,BUY,388,16
TATACONSUM.NS,6/23/20,BUY,388,10
TORNTPHARM.NS,6/23/20,SELL,2570,3
ASTRAZEN.NS,6/24/20,SELL,3280,3
BAJAJHLDNG.NS,6/24/20,SELL,2875,5
BAJAJHLDNG.NS,6/24/20,SELL,2830,5
BAJAJHLDNG.NS,6/24/20,BUY,2855,5
BRITANNIA.NS,6/24/20,SELL,3500,3
DIVISLAB.NS,6/24/20,SELL,2388,4
GLENMARK.NS,6/24/20,BUY,467,22
HDFCAMC.NS,6/24/20,SELL,2496,4
HDFCBANK.NS,6/24/20,SELL,1045,10
HDFCBANK.NS,6/24/20,BUY,1044,10
HINDUNILVR.NS,6/24/20,SELL,2165,5
HINDUNILVR.NS,6/24/20,SELL,2155,5
HINDUNILVR.NS,6/24/20,BUY,2165,5
KSCL.NS,6/24/20,BUY,561,20
LT.NS,6/24/20,SELL,955,10
LT.NS,6/24/20,BUY,959,10
NIFTYBEES.NS,6/24/20,SELL,110,200
NIFTYBEES.NS,6/24/20,BUY,110.2,200
RELIANCE.NS,6/24/20,BUY,1740,5
RELIANCE.NS,6/24/20,BUY,1740,5
SBIN.NS,6/24/20,SELL,192,60
SRF.NS,6/24/20,BUY,3635,2
UNICHEMLAB.NS,6/24/20,SELL,178,40
ALKYLAMINE.NS,6/25/20,BUY,2040,3
GLENMARK.NS,6/25/20,BUY,450,23
AARTIIND.NS,6/25/20,SELL,938,11
COROMANDEL.NS,6/25/20,SELL,736,14
DMART.NS,6/25/20,BUY,2515,4
DRREDDY.NS,6/25/20,SELL,4014,4
GLENMARK.NS,6/25/20,BUY,461,23
HDFCBANK.NS,6/25/20,SELL,1017,10
HEROMOTOCO.NS,6/25/20,SELL,2554,5
HINDUNILVR.NS,6/25/20,BUY,2150,5
KSCL.NS,6/25/20,SELL,557,20
LALPATHLAB.NS,6/25/20,SELL,1576,7
MOLDTKPAC.NS,6/25/20,SELL,206,50
MUTHOOTFIN.NS,6/25/20,BUY,1114,10
NESTLEIND.NS,6/25/20,SELL,16800,1
RELIANCE.NS,6/25/20,SELL,1730,10
RELIANCE.NS,6/25/20,BUY,1720,4
SRF.NS,6/25/20,SELL,3637,2
ALKEM.NS,6/26/20,SELL,2375,5
ASIANPAINT.NS,6/26/20,BUY,1682,3
AUROPHARMA.NS,6/26/20,BUY,788,15
BHARTIARTL.NS,6/26/20,SELL,564,30
COROMANDEL.NS,6/26/20,BUY,755,15
JBCHEPHARM.NS,6/26/20,BUY,666,17
PIIND.NS,6/26/20,SELL,1558,10
TV18BRDCST.NS,6/26/20,BUY,36.15,150
BAJAJHLDNG.NS,6/29/20,BUY,2660,3
BHARTIARTL.NS,6/29/20,BUY,560,20
BHARTIARTL.NS,6/29/20,BUY,566,20
GLENMARK.NS,6/29/20,SELL,480,22
HDFCBANK.NS,6/29/20,BUY,1042,10
HDFCBANK.NS,6/29/20,BUY,1070,10
HINDUNILVR.NS,6/29/20,SELL,2180,5
HINDUNILVR.NS,6/29/20,SELL,2180,5
JBCHEPHARM.NS,6/29/20,SELL,694,17
LAURUSLABS.NS,6/29/20,BUY,510,20
N100.NS,6/29/20,BUY,734,8
N100.NS,6/29/20,BUY,734,7
RELIANCE.NS,6/29/20,BUY,1735,5
BANKBEES.NS,6/30/20,BUY,218,200
BANKBEES.NS,6/30/20,SELL,215,200
GLENMARK.NS,6/30/20,BUY,456,25
HEROMOTOCO.NS,6/30/20,BUY,2518,8
JBCHEPHARM.NS,6/30/20,SELL,708,17
LAURUSLABS.NS,6/30/20,SELL,522,20
PERSISTENT.NS,6/30/20,BUY,637,20
CONTROLPR.NS,7/1/20,BUY,188,30
BANKBEES.NS,7/1/20,BUY,215.5,100
BANKBEES.NS,7/1/20,BUY,221,100
BANKBEES.NS,7/1/20,SELL,220.7,50
BANKBEES.NS,7/1/20,SELL,220.5,50
ESCORTS.NS,7/1/20,BUY,1030,5
GLENMARK.NS,7/1/20,BUY,430,35
GLENMARK.NS,7/1/20,BUY,435,30
HDFCBANK.NS,7/1/20,SELL,1093,10
HEROMOTOCO.NS,7/1/20,SELL,2545,8
KOTAKBANK.NS,7/1/20,BUY,1360,10
MAYURUNIQ.NS,7/1/20,BUY,215,25
QUESS.NS,7/1/20, BUY,348,15
RELIANCE.NS,7/1/20,SELL,1724,5
BANKBEES.NS,7/2/20,SELL,223,100
CRISIL.NS,7/2/20,SELL,1689,4
DIVISLAB.NS,7/2/20,BUY,2140,5
HDFCBANK.NS,7/2/20,SELL,1098,10
HDFCBANK.NS,7/2/20,BUY,1098,10
HDFCBANK.NS,7/2/20,SELL,1098,10
HDFCLIFE.NS,7/2/20,SELL,547,21
HINDUNILVR.NS,7/2/20,BUY,2151,5
KOTAKBANK.NS,7/2/20,BUY,1349,10
KOTAKBANK.NS,7/2/20,SELL,1368,10
KOTAKBANK.NS,7/2/20,SELL,1360,10
LT.NS,7/2/20,BUY,932,11
RELIANCE.NS,7/2/20,BUY,1751,2
RELIANCE.NS,7/2/20,BUY,1751,8
RELIANCE.NS,7/2/20,SELL,1745,5
TORNTPHARM.NS,7/2/20,BUY,2340,3
BAJAJHLDNG.NS,7/3/20,SELL,2598,3
BHARTIARTL.NS,7/3/20,SELL,580,20
HDFCBANK.NS,7/3/20,BUY,1070,10
HINDUNILVR.NS,7/3/20,SELL,2170,5
HINDUNILVR.NS,7/3/20,SELL,2179,5
KOTAKBANK.NS,7/3/20,BUY,1358,10
MUTHOOTFIN.NS,7/3/20,SELL,1130,10
PIIND.NS,7/3/20,SELL,1598,7
QUESS.NS,7/3/20,SELL,359,15
RELAXO.NS,7/3/20,BUY,640,20
RELIANCE.NS,7/3/20,SELL,1780,10
RELIANCE.NS,7/3/20,SELL,1777,4
RELIANCE.NS,7/3/20,SELL,1778,4
RELIANCE.NS,7/3/20,BUY,1788,10
SHILPAMED.NS,7/3/20,BUY,480,22
DRREDDY.NS,7/6/20,BUY,3892,2
DRREDDY.NS,7/6/20,BUY,3892,1
HDFCBANK.NS,7/6/20,SELL,1103,10
IEX.NS,7/6/20,SELL,192,30
KOTAKBANK.NS,7/6/20,SELL,1366,10
RELAXO.NS,7/6/20,SELL,668,15
RELIANCE.NS,7/6/20,SELL,1828,4
RELIANCE.NS,7/6/20,SELL,1845,6
RELIANCE.NS,7/6/20,BUY,1854,4
TATACHEM.NS,7/6/20,SELL,310,18
APLLTD.NS,7/7/20,BUY,901,11
ASIANPAINT.NS,7/7/20,BUY,1730,10
AXISBANK.NS,7/7/20,BUY,430,25
BANKBEES.NS,7/7/20,BUY,223,100
BANKBEES.NS,7/7/20,BUY,227,100
HDFCBANK.NS,7/7/20,BUY,1100,10
ICICIBANK.NS,7/7/20,BUY,365,30
INDUSINDBK.NS,7/7/20,BUY,502,20
KOTAKBANK.NS,7/7/20,BUY,1360,10
MCX.NS,7/7/20,BUY,1292,10
RELIANCE.NS,7/7/20,BUY,1822,4
SBIN.NS,7/7/20,BUY,185.5,60
AXISBANK.NS,7/8/20,SELL,447,25
BANKBEES.NS,7/8/20,BUY,229,100
BANKBEES.NS,7/8/20,SELL,228.8,200
DMART.NS,7/8/20,SELL,2369,9
HDFCBANK.NS,7/8/20,SELL,1114,10
ICICIBANK.NS,7/8/20,SELL,375,30
INDUSINDBK.NS,7/8/20,SELL,547,20
KOTAKBANK.NS,7/8/20,SELL,1374,10
RELAXO.NS,7/8/20,SELL,648,20
RELIANCE.NS,7/8/20,SELL,1815,4
SBIN.NS,7/8/20,SELL,190.7,60
BANKBEES.NS,7/9/20,SELL,230,100
DMART.NS,7/9/20,BUY,2352,5
ESCORTS.NS,7/9/20,SELL,1120,5
FIEMIND.NS,7/9/20,SELL,453,15
INDUSINDBK.NS,7/9/20,BUY,557,20
KOTAKBANK.NS,7/9/20,BUY,1360,10
RELIANCE.NS,7/9/20,BUY,1791,1
RELIANCE.NS,7/9/20,BUY,1791,4
SHILPAMED.NS,7/9/20,SELL,512,10
TATACONSUM.NS,7/9/20,SELL,435,16
BANKBEES.NS,7/10/20,BUY,229,100
HDFCBANK.NS,7/10/20,BUY,1103,10
HDFCBANK.NS,7/10/20,BUY,1115,10
HDFCBANK.NS,7/10/20,SELL,1106,10
HEROMOTOCO.NS,7/10/20,BUY,2680,4
HINDUNILVR.NS,7/10/20,SELL,2198,5
ICICIBANK.NS,7/10/20,BUY,367,30
ICICIBANK.NS,7/10/20,SELL,363,30
KOTAKBANK.NS,7/10/20,SELL,1358,10
LT.NS,7/10/20,SELL,935,11
MARUTI.NS,7/10/20,BUY,5968,1
MCX.NS,7/10/20,SELL,1320,10
SBIN.NS,7/10/20,BUY,196.4,55
BANKBEES.NS,7/14/20,BUY,219,100
RELIANCE.NS,7/14/20,SELL,1898,8
AMARAJABAT.NS,7/15/20,SELL,697,5
ASIANPAINT.NS,7/15/20,SELL,1702,10
BANDHANBNK.NS,7/15/20,SELL,360,15
BANKBEES.NS,7/15/20,SELL,217.5,100
BANKBEES.NS,7/15/20,SELL,217,100
BHARATFORG.NS,7/15/20,SELL,375,9
DMART.NS,7/15/20,SELL,2185,5
GRAPHITE.NS,7/15/20,SELL,172,45
HDFCBANK.NS,7/15/20,SELL,1067,10
HEROMOTOCO.NS,7/15/20,SELL,2635,4
HINDUNILVR.NS,7/15/20,SELL,2243,5
INDUSINDBK.NS,7/15/20,SELL,522,20
LT.NS,7/15/20,BUY,913,12
MARUTI.NS,7/15/20,SELL,5835,1
RELIANCE.NS,7/15/20,BUY,1953,5
RELIANCE.NS,7/15/20,SELL,1945,5
RELIANCE.NS,7/15/20,SELL,1925,2
ALKYLAMINE.NS,7/16/20,BUY,2240,3
DMART.NS,7/16/20,BUY,2010,5
HINDUNILVR.NS,7/16/20,BUY,2260,5
HINDUNILVR.NS,7/16/20,BUY,2250,5
HINDUNILVR.NS,7/16/20,BUY,2261,5
INFY.NS,7/16/20,SELL,935,7
LT.NS,7/16/20,SELL,914,12
PERSISTENT.NS,7/16/20,SELL,786,20
RELIANCE.NS,7/16/20,BUY,1835,5
RELIANCE.NS,7/16/20,BUY,1830,3
IPCALAB.NS,7/16/20,BUY,1640,3
RELIANCE.NS,7/16/20,BUY,1830,2
BAJAJCON.NS,7/17/20,BUY,182,69
BODALCHEM.NS,7/17/20,BUY,76.5,100
HINDUNILVR.NS,7/17/20,SELL,2320,15
INFY.NS,7/17/20,BUY,910,10
RELIANCE.NS,7/17/20,BUY,1841,5
RELIANCE.NS,7/17/20,SELL,1850,5
SBIN.NS,7/17/20,SELL,187,55
WIPRO.NS,7/17/20,BUY,260,40
WIPRO.NS,7/17/20,BUY,259,40
SUVEN.NS,7/17/20,BUY,38.6,260
CIPLA.NS,7/20/20,BUY,677,9
HDFC.NS,7/20/20,BUY,1815,12
HDFCAMC.NS,7/20/20,BUY,2469,2
HDFCAMC.NS,7/20/20,BUY,2469,6
HINDUNILVR.NS,7/20/20,BUY,2304,10
ICICIPRULI.NS,7/20/20,BUY,439,12
ICICIPRULI.NS,7/20/20,BUY,439,37
ALKYLAMINE.NS,7/21/20,SELL,2288,3
APLLTD.NS,7/21/20,SELL,1009,11
BHARTIARTL.NS,7/21/20,SELL,577,20
BODALCHEM.NS,7/21/20,SELL,81.5,100
COROMANDEL.NS,7/21/20,SELL,805,15
HDFC.NS,7/21/20,SELL,1890,6
HDFC.NS,7/21/20,SELL,1883,6
HDFCAMC.NS,7/21/20,BUY,2500,8
HINDUNILVR.NS,7/21/20,SELL,2347,10
ICICIPRULI.NS,7/21/20,BUY,445,24
ICICIPRULI.NS,7/21/20,SELL,442,37
INFY.NS,7/21/20,SELL,947,10
LUPIN.NS,7/21/20,BUY,868,13
MGL.NS,7/21/20,BUY,1001,5
N100.NS,7/21/20,SELL,802,8
RELIANCE.NS,7/21/20,SELL,1940,5
TATACONSUM.NS,7/21/20,SELL,423,10
TV18BRDCST.NS,7/21/20,SELL,37.75,150
WIPRO.NS,7/21/20,SELL,278,40
AARTIIND.NS,7/22/20,BUY,904,11
AUROPHARMA.NS,7/22/20,SELL,835,15
AXISBANK.NS,7/22/20,BUY,463,12
AXISBANK.NS,7/22/20,BUY,463,13
AXISBANK.NS,7/22/20,SELL,469,13
BHARTIARTL.NS,7/22/20,BUY,570,20
HDFC.NS,7/22/20,BUY,1872,8
HDFCAMC.NS,7/22/20,SELL,2515,8
ICICIBANK.NS,7/22/20,BUY,379,15
CADILAHC.NS,7/23/20,BUY,368,15
AARTIIND.NS,7/23/20,SELL,924,11
AXISBANK.NS,7/23/20,BUY,473,40
AXISBANK.NS,7/23/20,BUY,461,25
CADILAHC.NS,7/23/20,BUY,368,15
HDFCAMC.NS,7/23/20,SELL,2500,6
HEROMOTOCO.NS,7/23/20,BUY,2768,4
HINDUNILVR.NS,7/23/20,BUY,2264,5
ICICIPRULI.NS,7/23/20,SELL,452,24
ICICIPRULI.NS,7/23/20,SELL,450,12
IEX.NS,7/23/20,BUY,173,30
LT.NS,7/23/20,BUY,922,11
MARUTI.NS,7/23/20,BUY,6040,2
DMART.NS,7/24/20,SELL,2080,5
HDFCAMC.NS,7/24/20,SELL,2465,2
HEROMOTOCO.NS,7/24/20,SELL,2782,4
HINDUNILVR.NS,7/24/20,BUY,2183,5
ICICIBANK.NS,7/24/20,SELL,387,15
INFY.NS,7/24/20,BUY,915,5
INFY.NS,7/24/20,BUY,915,5
LT.NS,7/24/20,SELL,908,11
MARUTI.NS,7/24/20,SELL,6010,2
ALKYLAMINE.NS,7/27/20,BUY,2280,3
AARTIDRUGS.NS,7/27/20,SELL,1760,5
APLLTD.NS,7/27/20,BUY,961,11
ASIANPAINT.NS,7/27/20,SELL,1735,3
AXISBANK.NS,7/27/20,BUY,433,20
HDFC.NS,7/27/20,SELL,1835,8
ICICIBANK.NS,7/27/20,BUY,375,30
ICICIBANK.NS,7/27/20,SELL,364,30
PERSISTENT.NS,7/27/20,SELL,870,10
RELIANCE.NS,7/27/20,SELL,2170,3
ASTRAZEN.NS,7/28/20,BUY,3324,2
AUROPHARMA.NS,7/28/20,BUY,780,18
AARTIIND.NS,7/28/20,SELL,970,11
ASTRAZEN.NS,7/28/20,BUY,3324,1
ASTRAZEN.NS,7/28/20,BUY,3324,3
AXISBANK.NS,7/28/20,BUY,433,20
AXISBANK.NS,7/28/20,SELL,437,40
AXISBANK.NS,7/28/20,SELL,438,25
AXISBANK.NS,7/28/20,SELL,438,20
AXISBANK.NS,7/28/20,SELL,436,12
COROMANDEL.NS,7/28/20,BUY,774,13
DIVISLAB.NS,7/28/20,SELL,2380,5
DIXON.NS,7/28/20,BUY,7050,1
HDFCBANK.NS,7/28/20,BUY,1085,10
HINDUNILVR.NS,7/28/20,SELL,2241,5
ICICIBANK.NS,7/28/20,BUY,357,30
ICICIBANK.NS,7/28/20,SELL,353,30
ICICIBANK.NS,7/28/20,BUY,345,30
ICICIBANK.NS,7/28/20,SELL,355,30
INFY.NS,7/28/20,SELL,951,5
IPCALAB.NS,7/28/20,BUY,1728,2
IPCALAB.NS,7/28/20,BUY,1728,4
PFIZER.NS,7/28/20,SELL,4390,2
PIIND.NS,7/28/20,BUY,1753,5
PIIND.NS,7/28/20,BUY,1753,5
AARTIDRUGS.NS,7/29/20,BUY,1710,3
GRANULES.NS,7/29/20,BUY,285,18
AXISBANK.NS,7/29/20,BUY,442,30
AXISBANK.NS,7/29/20,SELL,446,30
BANKBEES.NS,7/29/20,BUY,223.7,100
BANKBEES.NS,7/29/20,SELL,221,100
DRREDDY.NS,7/29/20,BUY,4204,3
DRREDDY.NS,7/29/20,SELL,4120,3
DRREDDY.NS,7/29/20,BUY,4204,3
DRREDDY.NS,7/29/20,SELL,4180,3
GRANULES.NS,7/29/20,BUY,285,18
ICICIBANK.NS,7/29/20,BUY,354,11
ISEC.NS,7/29/20,BUY,484,21
NESTLEIND.NS,7/29/20,BUY,16630,1
RELIANCE.NS,7/29/20,BUY,2119,5
YESBANK.NS,7/29/20,BUY,12.1,500
BHARTIARTL.NS,7/30/20,BUY,550,20
AXISBANK.NS,7/30/20,SELL,432,20
BAYERCROP.NS,7/30/20,BUY,5581,2
BHARTIARTL.NS,7/30/20,SELL,572,20
DRREDDY.NS,7/30/20,SELL,4510,1
GLENMARK.NS,7/30/20,SELL,444,23
HDFCBANK.NS,7/30/20,BUY,1062,5
HDFCBANK.NS,7/30/20,SELL,1076,5
HDFCBANK.NS,7/30/20,SELL,1072,5
RALLIS.NS,7/30/20,BUY,298,20
RALLIS.NS,7/30/20,BUY,298,15
SRF.NS,7/30/20,BUY,3830,3
DRREDDY.NS,7/31/20,SELL,4492,2
HINDUNILVR.NS,7/31/20,BUY,2202,5
INFY.NS,7/31/20,SELL,965,5
IPCALAB.NS,7/31/20,SELL,1870,4
MGL.NS,7/31/20,SELL,987,5
NAVINFLUOR.NS,7/31/20,BUY,1715,4
RELIANCE.NS,7/31/20,SELL,2080,5
RELIANCE.NS,7/31/20,BUY,2057,5
RELIANCE.NS,7/31/20,SELL,2089,5
SRF.NS,7/31/20,SELL,3788,3
NAVINFLUOR.NS,7/31/20,BUY,1715,2
AARTIIND.NS,8/3/20,BUY,1000,10
CIPLA.NS,8/3/20,BUY,720,14
GLENMARK.NS,8/3/20,SELL,459,25
LT.NS,8/3/20,BUY,915,5
MANAPPURAM.NS,8/3/20,BUY,160,65
PERSISTENT.NS,8/3/20,BUY,935,11
RELIANCE.NS,8/3/20,BUY,2040,20
UPL.NS,8/3/20,BUY,450,12
LT.NS,8/3/20,BUY,915,6
STAR.NS,8/3/20,BUY,453,25
ALKEM.NS,8/4/20,SELL,2890,3
BAJAJHLDNG.NS,8/4/20,BUY,2570,4
EXIDEIND.NS,8/4/20,BUY,163,100
HDFCBANK.NS,8/4/20,BUY,1035,5
HDFCBANK.NS,8/4/20,SELL,1048,5
HDFCBANK.NS,8/4/20,SELL,1047,5
ICICIBANK.NS,8/4/20,SELL,350,11
PIIND.NS,8/4/20,SELL,1837,5
RELIANCE.NS,8/4/20,SELL,2041,10
RELIANCE.NS,8/4/20,SELL,2046,10
SUNPHARMA.NS,8/4/20,BUY,528,20
VSTIND.NS,8/4/20,BUY,3450,3
DIXON.NS,8/6/20,SELL,7750,1
EIDPARRY.NS,8/6/20,BUY,296,35
HINDUNILVR.NS,8/6/20,SELL,2206,5
NAVINFLUOR.NS,8/6/20,SELL,1855,4
NESTLEIND.NS,8/6/20,SELL,16520,1
PFIZER.NS,8/6/20,SELL,4415,2
RELAXO.NS,8/6/20,BUY,635,25
RELIANCE.NS,8/6/20,BUY,2118,5
SCI.NS,8/6/20,BUY,55.5,360
FEDERALBNK.NS,8/7/20,BUY,53.3,300
HDFC.NS,8/7/20,BUY,1770,6
HDFCBANK.NS,8/7/20,BUY,1037,10
LUPIN.NS,8/7/20,BUY,883,12
UNICHEMLAB.NS,8/7/20,BUY,261,30
AARTIIND.NS,8/10/20,SELL,1090,10
ABBOTINDIA.NS,8/10/20,SELL,17190,1
DEEPAKNTR.NS,8/10/20,BUY,589,20
DEEPAKNTR.NS,8/10/20,BUY,592,20
LUPIN.NS,8/10/20,SELL,964,12
MUTHOOTFIN.NS,8/10/20,BUY,1162,10
N100.NS,8/10/20,SELL,821,7
LALPATHLAB.NS,8/10/20,BUY,1888,6
AARTIIND.NS,8/11/20,BUY,1045,10
EXIDEIND.NS,8/11/20,SELL,164,100
FEDERALBNK.NS,8/11/20,SELL,54.4,300
HDFCBANK.NS,8/11/20,SELL,1062,10
HINDUNILVR.NS,8/11/20,SELL,2110,5
IDEA.NS,8/11/20,SELL,8.8,750
MGL.NS,8/11/20,BUY,986,6
RELAXO.NS,8/11/20,SELL,635,25
JBCHEPHARM.NS,8/11/20,BUY,735,15
LAURUSLABS.NS,8/11/20,BUY,1060,5
LAURUSLABS.NS,8/11/20,BUY,1030,5
AARTIDRUGS.NS,8/12/20,BUY,2050,3
ALKEM.NS,8/12/20,BUY,2783,2
BAJAJHLDNG.NS,8/12/20,SELL,2694,4
CIPLA.NS,8/12/20,BUY,760,7
DEEPAKNTR.NS,8/12/20,SELL,585,20
FDC.NS,8/12/20,BUY,322,20
GLENMARK.NS,8/12/20,SELL,468,65
HDFC.NS,8/12/20,SELL,1820,6
MANAPPURAM.NS,8/12/20,SELL,150,65
MUTHOOTFIN.NS,8/12/20,SELL,1140,10
RELIANCE.NS,8/12/20,BUY,2110,5
RELIANCE.NS,8/12/20,SELL,2130,5
SCI.NS,8/12/20,SELL,59.2,360
UPL.NS,8/12/20,SELL,483,12
AARTIIND.NS,8/13/20,BUY,1005,10
BHARTIARTL.NS,8/13/20,BUY,534,20
AUROPHARMA.NS,8/13/20,BUY,901,6
BANKBEES.NS,8/13/20,BUY,225,100
ITC.NS,8/13/20,BUY,200,25
NAVINFLUOR.NS,8/13/20,BUY,1983,3
BANKBEES.NS,8/14/20,SELL,222.6,100
BHARATRAS.NS,8/14/20,BUY,10020,1
KSCL.NS,8/14/20,BUY,617,10
KSCL.NS,8/14/20,BUY,617,10
RELIANCE.NS,8/14/20,BUY,2132,5
SKIPPER.NS,8/14/20,BUY,44,230
VINATIORGA.NS,8/14/20,BUY,1022,10
AARTIDRUGS.NS,8/17/20,SELL,2120,3
ASTRAZEN.NS,8/17/20,SELL,3327,3
BAJAJHLDNG.NS,8/17/20,BUY,2604,4
CIPLA.NS,8/17/20,SELL,773,7
DEEPAKNTR.NS,8/17/20,SELL,591,20
HDFC.NS,8/17/20,BUY,1791,5
HDFC.NS,8/17/20,BUY,1791,5
HDFCBANK.NS,8/17/20,BUY,1032,10
HDFCBANK.NS,8/17/20,SELL,1022,10
IDEA.NS,8/17/20,BUY,9,1000
MCX.NS,8/17/20,BUY,1598,5
NAVINFLUOR.NS,8/17/20,SELL,2008,3
PERSISTENT.NS,8/17/20,SELL,985,11
RITES.NS,8/17/20,BUY,254,20
SUNPHARMA.NS,8/17/20,SELL,531,20
ABBOTINDIA.NS,8/18/20,SELL,16780,1
BAYERCROP.NS,8/18/20,SELL,6090,2
BHARATRAS.NS,8/18/20,SELL,10120,1
FDC.NS,8/18/20,SELL,330,20
ISEC.NS,8/18/20,SELL,475,21
LUPIN.NS,8/18/20,SELL,992,13
MCX.NS,8/18/20,SELL,1614,5
RALLIS.NS,8/18/20,SELL,294,20
RELIANCE.NS,8/18/20,SELL,2120,5
THYROCARE.NS,8/18/20,BUY,790,10
VINATIORGA.NS,8/18/20,SELL,1003,10
AXISBANK.NS,8/19/20,BUY,446,2
AXISBANK.NS,8/19/20,BUY,446,8
AXISBANK.NS,8/19/20,BUY,446,10
AXISBANK.NS,8/19/20,BUY,446,20
BATAINDIA.NS,8/19/20,BUY,1270,8
GOLDBEES.NS,8/19/20,SELL,46.85,470
MASFIN.NS,8/19/20,BUY,663,10
MASFIN.NS,8/19/20,BUY,663,10
NBCC.NS,8/19/20,BUY,27.5,400
SBIN.NS,8/19/20,BUY,196,20
SBIN.NS,8/19/20,BUY,196,30
SBIN.NS,8/19/20,BUY,196,5
SEQUENT.NS,8/19/20,BUY,127,40
SEQUENT.NS,8/19/20,BUY,127,40
ISEC.NS,8/20/20,BUY,470,24
RELIANCE.NS,8/20/20,BUY,2114,5
COROMANDEL.NS,8/21/20,SELL,776,13
TCS.NS,8/21/20,BUY,2245,3
AARTIIND.NS,8/24/20,SELL,1200,10
ALKEM.NS,8/24/20,BUY,2786,4
APLLTD.NS,8/24/20,BUY,1005,10
AXISBANK.NS,8/24/20,BUY,445,40
BAJAJCON.NS,8/24/20,SELL,183,69
BAJAJHLDNG.NS,8/24/20,SELL,2670,4
BATAINDIA.NS,8/25/20,SELL,1330,8
IDEA.NS,8/25/20,SELL,9.1,1000
KSCL.NS,8/25/20,SELL,649,10
M&M.NS,8/25/20,BUY,605,20
RALLIS.NS,8/25/20,SELL,318,15
UNICHEMLAB.NS,8/25/20,BUY,257,40
VINATIORGA.NS,8/25/20,BUY,1103,10
VSTIND.NS,8/25/20,SELL,3461,3
BHARTIARTL.NS,8/26/20,BUY,519,20
FDC.NS,8/26/20,BUY,327,30
AARTIIND.NS,8/26/20,BUY,1119,10
AUROPHARMA.NS,8/26/20,BUY,867,12
DRREDDY.NS,8/26/20,BUY,4453,3
KSCL.NS,8/26/20,BUY,643,10
KSCL.NS,8/26/20,BUY,643,10
MASFIN.NS,8/26/20,SELL,830,10
RELIANCE.NS,8/26/20,BUY,2077,5
AXISBANK.NS,8/27/20,SELL,469,20
MASFIN.NS,8/27/20,SELL,820,10
RELIANCE.NS,8/27/20,SELL,2139,5
DRREDDY.NS,8/28/20,BUY,4385,2
AJANTPHARM.NS,8/28/20,BUY,1563,7
AXISBANK.NS,8/28/20,SELL,490,20
AXISBANK.NS,8/28/20,SELL,490,20
AXISBANK.NS,8/28/20,SELL,503,10
BAJAJHLDNG.NS,8/28/20,BUY,2780,4
DRREDDY.NS,8/28/20,BUY,4385,3
HAL.NS,8/28/20,BUY,998,10
HAL.NS,8/28/20,BUY,1020,10
HDFC.NS,8/28/20,SELL,1872,5
IEX.NS,8/28/20,SELL,193,30
ISEC.NS,8/28/20,SELL,486,24
KSCL.NS,8/28/20,SELL,629,10
MAYURUNIQ.NS,8/28/20,SELL,293,25
SBIN.NS,8/28/20,SELL,223,30
SUNPHARMA.NS,8/28/20,BUY,535,20
NH.NS,8/28/20,BUY,332,30
ALKYLAMINE.NS,8/31/20,BUY,3020,2
GMMPFAUDLR.NS,8/31/20,BUY,5570,1
AXISBANK.NS,8/31/20,SELL,520,8
BAJAJHLDNG.NS,8/31/20,SELL,2745,4
BANDHANBNK.NS,8/31/20,SELL,324,5
DEEPAKNTR.NS,8/31/20,BUY,690,10
FINEORG.NS,8/31/20,BUY,2460,2
HAL.NS,8/31/20,SELL,950,10
HDFC.NS,8/31/20,SELL,1907,5
NAVINFLUOR.NS,8/31/20,BUY,1960,3
PIIND.NS,8/31/20,BUY,1860,3
SBIN.NS,8/31/20,SELL,228,20
CIPLA.NS,9/1/20,BUY,714,14
FINEORG.NS,9/1/20,BUY,2420,2
GALAXYSURF.NS,9/1/20,BUY,1723,3
GARFIBRES.NS,9/1/20,BUY,1785,3
HINDUNILVR.NS,9/1/20,BUY,2160,10
ITC.NS,9/1/20,SELL,192,25
JINDALSTEL.NS,9/1/20,BUY,214,50
LT.NS,9/1/20,SELL,957,5
M&M.NS,9/1/20,SELL,613,20
SUNPHARMA.NS,9/1/20,BUY,522,20
TATACONSUM.NS,9/1/20,BUY,547,20
MCX.NS,9/1/20,BUY,1570,3
RELIANCE.NS,9/1/20,BUY,2085,5
TORNTPHARM.NS,9/1/20,BUY,2463,2
AJANTPHARM.NS,9/2/20,BUY,1460,6
KRBL.NS,9/2/20,BUY,262,20
APLLTD.NS,9/2/20,BUY,920,11
BHARTIARTL.NS,9/2/20,SELL,548,20
DEEPAKNTR.NS,9/2/20,SELL,735,10
EIDPARRY.NS,9/2/20,SELL,297,35
FINEORG.NS,9/2/20,SELL,2650,2
HDFC.NS,9/2/20,BUY,1833,5
HDFC.NS,9/2/20,BUY,1833,5
HDFCBANK.NS,9/2/20,BUY,1135,20
IPCALAB.NS,9/2/20,SELL,2038,2
ITC.NS,9/2/20,SELL,192,25
SKIPPER.NS,9/2/20,SELL,45.2,230
WIPRO.NS,9/2/20,SELL,275,40
MCX.NS,9/2/20,BUY,1572,3
APLLTD.NS,9/3/20,SELL,981,10
COLPAL.NS,9/3/20,BUY,1394,10
NATCOPHARM.NS,9/3/20,BUY,790,7
SHILPAMED.NS,9/3/20,BUY,520,20
NATCOPHARM.NS,9/3/20,BUY,790,7
VINATIORGA.NS,9/3/20,BUY,1018,10
BHARTIARTL.NS,9/4/20,BUY,532,40
ALKEM.NS,9/4/20,SELL,2845,2
ASTRAZEN.NS,9/4/20,SELL,3860,1
COLPAL.NS,9/4/20,SELL,1363,10
HAL.NS,9/4/20,SELL,911,10
HDFCBANK.NS,9/4/20,SELL,1114,20
HINDUNILVR.NS,9/4/20,SELL,2126,5
HINDUNILVR.NS,9/4/20,SELL,2130,5
IDEA.NS,9/4/20,BUY,12,500
MGL.NS,9/4/20,SELL,923,6
NBCC.NS,9/4/20,SELL,27.65,400
POLYCAB.NS,9/4/20,BUY,877,12
THYROCARE.NS,9/4/20,SELL,751,10
N100.NS,9/4/20,BUY,846,6
AXISBANK.NS,9/7/20,BUY,464,22
HDFCBANK.NS,9/7/20,BUY,1114,10
PIIND.NS,9/7/20,BUY,1835,3
ASTRAZEN.NS,9/9/20,BUY,3860,2
DIVISLAB.NS,9/9/20,BUY,3140,3
SEQUENT.NS,9/9/20,SELL,137.5,40
N100.NS,9/9/20,BUY,801,5
KSCL.NS,9/10/20,BUY,537,20
BAJAJ-AUTO.NS,9/10/20,BUY,2900,4
HEROMOTOCO.NS,9/10/20,BUY,2900,4
LUPIN.NS,9/10/20,BUY,943,10
RELIANCE.NS,9/10/20,SELL,2280,5
AMBER.NS,9/11/20,BUY,1760,3
ALKEM.NS,9/11/20,SELL,2940,4
BANKBEES.NS,9/11/20,BUY,226.5,50
HDFC.NS,9/11/20,BUY,1767,6
HDFCBANK.NS,9/11/20,BUY,1079,10
HEROMOTOCO.NS,9/11/20,SELL,2970,4
SHILPAMED.NS,9/11/20,SELL,564,20
AVANTIFEED.NS,9/14/20,BUY,502,20
GARFIBRES.NS,9/14/20,BUY,1940,3
IEX.NS,9/14/20,BUY,193,30
M100.NS,9/14/20,BUY,18.5,1000
AARTIIND.NS,9/14/20,SELL,1092,10
AXISBANK.NS,9/14/20,SELL,452,22
BAJAJ-AUTO.NS,9/14/20,SELL,2990,4
VINATIORGA.NS,9/14/20,SELL,1065,10
AUROPHARMA.NS,9/15/20,BUY,820,13
BHARTIARTL.NS,9/15/20,BUY,480,20
DRREDDY.NS,9/15/20,SELL,4520,3
HDFC.NS,9/15/20,SELL,1768,5
LUPIN.NS,9/15/20,SELL,997,10
SRTRANSFIN.NS,9/15/20,BUY,650,16
UNICHEMLAB.NS,9/15/20,SELL,261,30
AXISBANK.NS,9/16/20,BUY,445,11
MGL.NS,9/16/20,BUY,910,6
AXISBANK.NS,9/16/20,BUY,445,11
DRREDDY.NS,9/16/20,BUY,4600,3
INDIACEM.NS,9/16/20,SELL,123,50
KOTAKBANK.NS,9/16/20,BUY,1325,8
PFIZER.NS,9/16/20,SELL,4950,3
POLYCAB.NS,9/16/20,SELL,887,12
SBIN.NS,9/16/20,BUY,199,25
TCS.NS,9/16/20,SELL,2485,3
SBIN.NS,9/16/20,BUY,199,25
CARERATING.NS,9/17/20,BUY,392,30
GMMPFAUDLR.NS,9/17/20,BUY,5600,1
ABBOTINDIA.NS,9/17/20,SELL,16600,1
APLLTD.NS,9/17/20,SELL,978,11
CIPLA.NS,9/17/20,SELL,755,14
JINDALSTEL.NS,9/17/20,SELL,200,50
KSCL.NS,9/17/20,SELL,580,20
NAVINFLUOR.NS,9/17/20,SELL,2124,3
NILKAMAL.NS,9/17/20,BUY,1336,7
PIIND.NS,9/17/20,SELL,2037,6
TATACONSUM.NS,9/17/20,SELL,550,20
GMMPFAUDLR.NS,9/18/20,BUY,5220,1
ICICIBANK.NS,9/18/20,BUY,373,15
BAJAJHLDNG.NS,9/18/20,BUY,2505,4
ICICIBANK.NS,9/18/20,BUY,373,15
JUBILANT.NS,9/18/20,BUY,808,13
HDFCAMC.NS,9/21/20,BUY,2195,2
AJANTPHARM.NS,9/21/20,SELL,1625,7
AUROPHARMA.NS,9/21/20,SELL,790,18
HDFCAMC.NS,9/21/20,BUY,2195,3
SRTRANSFIN.NS,9/21/20,BUY,645,16
SUNPHARMA.NS,9/21/20,SELL,504,40
FINEORG.NS,9/22/20,BUY,2465,2
GALAXYSURF.NS,9/22/20,BUY,1840,3
HDFCBANK.NS,9/22/20,BUY,1051,6
BANKBEES.NS,9/22/20,BUY,215.5,50
HDFCBANK.NS,9/22/20,BUY,1051,4
SUNPHARMA.NS,9/22/20,BUY,504,20
JUBILANT.NS,9/23/20,BUY,730,14
ECLERX.NS,9/23/20,SELL,700,17
ASTRAZEN.NS,9/24/20,BUY,4320,1
LAURUSLABS.NS,9/24/20,BUY,1265,4
PIIND.NS,9/24/20,BUY,1880,3
HDFC.NS,9/24/20,BUY,1630,3
JBCHEPHARM.NS,9/24/20,BUY,940,6
DHANUKA.NS,9/25/20,BUY,723,14
SRTRANSFIN.NS,9/25/20,BUY,575,10
GRANULES.NS,9/25/20,SELL,394,18
TORNTPHARM.NS,9/25/20,BUY,2632,2
SYMPHONY.NS,9/25/20,BUY,860,6
GMMPFAUDLR.NS,9/28/20,BUY,3613,1
APLLTD.NS,9/28/20,SELL,965,11
AXISBANK.NS,9/28/20,SELL,434,13
BANKBEES.NS,9/28/20,SELL,218,50
HDFCAMC.NS,9/28/20,SELL,2200,3
ICICIBANK.NS,9/28/20,SELL,360,15
NATCOPHARM.NS,9/28/20,SELL,888,7
SBIN.NS,9/28/20,SELL,187,30
SRTRANSFIN.NS,9/28/20,SELL,614,16
UNICHEMLAB.NS,9/28/20,SELL,254,40
TATACONSUM.NS,9/28/20,BUY,520,20
GMMPFAUDLR.NS,9/29/20,BUY,3480,2
HINDALCO.NS,9/29/20,BUY,169,60
JINDALSTEL.NS,9/29/20,BUY,185,55
BAJAJHLDNG.NS,9/29/20,SELL,2450,4
HDFC.NS,9/29/20,SELL,1699,5
IDEA.NS,9/29/20,SELL,10.1,500
JBCHEPHARM.NS,9/29/20,SELL,1006,6
JSWSTEEL.NS,9/29/20,BUY,284,36
RITES.NS,9/29/20,SELL,245,20
TORNTPHARM.NS,9/29/20,SELL,2720,2
YESBANK.NS,9/29/20,SELL,13.45,500
TATASTEEL.NS,9/29/20,BUY,365,39
BANDHANBNK.NS,9/30/20,BUY,273,20
DIVISLAB.NS,9/30/20,BUY,3015,2
INDIAMART.NS,9/30/20,BUY,5012,2
CADILAHC.NS,9/30/20,SELL,399,15
HDFCBANK.NS,9/30/20,SELL,1082,10
JSWSTEEL.NS,9/30/20,SELL,282,36
JUBILANT.NS,9/30/20,SELL,738,13
BAJAJ-AUTO.NS,10/1/20,BUY,3020,3
BANKBEES.NS,10/1/20,SELL,223.6,50
HDFCBANK.NS,10/1/20,SELL,1098,10
NILKAMAL.NS,10/1/20,SELL,1320,7
SRTRANSFIN.NS,10/1/20,SELL,658,16
BODALCHEM.NS,10/8/20,BUY,66,80
HDFC.NS,1/10/20,SELL,1796,6
DRREDDY.NS,5/10/20,BUY,5125,2
HINDUNILVR.NS,5/10/20,BUY,2101,5
ITC.NS,5/10/20,BUY,171,60
KOTAKBANK.NS,5/10/20,SELL,1320,8
HDFCBANK.NS,5/10/20,SELL,1126,4
AFFLE.NS,6/10/20,BUY,2705,4
HDFCLIFE.NS,6/10/20,BUY,578,20
MGL.NS,6/10/20,BUY,853,12
BAJAJHLDNG.NS,7/10/20,BUY,2675,4
SRTRANSFIN.NS,7/10/20,SELL,648,10
HDFC.NS,7/10/20,SELL,1950,3
HDFCBANK.NS,7/10/20,SELL,1162,6
BODALCHEM.NS,10/8/20,BUY,66,80
UNICHEMLAB.NS,9/10/20,BUY,255,40
ADVENZYMES.NS,9/10/20,BUY,324,30
JBCHEPHARM.NS,9/10/20,BUY,982,11
SRTRANSFIN.NS,9/10/20,BUY,645,20
BANDHANBNK.NS,9/10/20,SELL,324,20
SRTRANSFIN.NS,9/10/20,SELL,640,20
TATASTEEL.NS,9/10/20,SELL,370,39
HINDALCO.NS,9/10/20,SELL,170,60
JINDALSTEL.NS,9/10/20,SELL,194,55
CARERATING.NS,9/10/20,SELL,362,30